Date;High price;Low price;Closing price;Average price;Total volume;Turnover;
2019-08-23;73.12;71.94;73.12;72.07;90;6.487;
2019-08-22;71.92;71.74;71.84;71.86;467;33.559;
2019-08-21;71.98;71.81;71.81;71.86;1.433;102.978;
2019-08-20;72.76;72.11;72.76;72.61;8.615;625.523;
2019-08-19;72.10;71.85;72.10;71.94;6.583;473.571;
2019-08-16;72.86;72.61;72.86;72.77;2.397;174.430;
2019-08-15;72.61;72.24;72.61;72.54;629;45.630;
2019-08-14;72.20;71.09;72.10;71.68;1.386;99.353;
2019-08-13;72.67;70.84;71.22;71.73;9.315;668.182;
2019-08-12;71.64;71.60;71.64;71.62;134;9.598;
2019-08-09;71.45;70.80;71.27;71.24;897;63.906;
2019-08-08;71.73;71.22;71.25;71.51;12.339;882.301;
2019-08-07;71.73;70.84;71.73;71.02;2.821;200.340;
2019-08-06;70.33;69.66;70.33;70.28;74.768;5.254.321;
2019-08-05;70.56;69.89;70.00;70.31;27.378;1.924.878;
2019-08-02;69.74;68.90;69.64;69.35;19.028;1.319.543;
2019-08-01;68.04;67.81;67.90;67.93;37.771;2.565.886;
2019-07-31;68.47;68.06;68.42;68.40;19.452;1.330.477;
2019-07-30;68.33;67.65;68.05;68.16;20.825;1.419.445;
2019-07-29;67.44;67.15;67.33;67.29;5.968;401.611;
2019-07-26;67.36;67.00;67.15;67.16;11.933;801.422;
2019-07-25;67.45;66.95;66.95;67.19;5.442;365.638;
2019-07-24;67.37;66.89;67.25;67.31;6.767;455.464;
2019-07-23;67.57;66.71;67.41;67.30;7.096;477.579;
2019-07-22;67.11;66.66;67.11;66.94;6.976;466.994;
2019-07-19;67.33;66.80;67.24;67.23;2.626;176.542;
2019-07-18;66.66;66.14;66.66;66.45;7.318;486.274;
2019-07-17;66.05;65.38;66.04;65.86;3.219;211.999;
2019-07-16;66.39;66.07;66.07;66.28;1.770;117.321;
2019-07-15;66.40;65.76;65.90;66.20;14.045;929.721;
2019-07-12;66.05;65.50;66.03;65.86;3.236;213.107;
2019-07-11;66.86;65.85;65.85;66.58;4.967;330.721;
2019-07-10;66.37;65.80;66.26;66.13;7.660;506.570;
2019-07-09;66.21;65.75;66.21;65.93;3.839;253.095;
2019-07-08;66.37;66.00;66.00;66.18;4.972;329.049;
2019-07-05;66.27;65.47;65.47;66.09;10.540;696.612;
2019-07-04;66.08;65.59;66.08;65.83;9.079;597.682;
2019-07-03;66.59;65.70;66.11;66.03;15.705;1.036.923;
2019-07-02;64.99;64.63;64.90;64.78;4.167;269.950;
2019-07-01;65.04;64.20;64.99;64.48;23.083;1.488.351;
2019-06-28;65.55;65.07;65.51;65.16;7.287;474.790;
2019-06-27;65.15;64.70;65.10;64.86;19.925;1.292.376;
2019-06-26;65.48;64.82;65.30;65.18;5.526;360.206;
2019-06-25;66.49;65.80;66.25;66.22;9.888;654.740;
2019-06-24;65.59;65.18;65.59;65.51;101.722;6.663.768;
2019-06-20;65.18;64.80;65.00;64.92;10.657;691.863;
2019-06-19;64.19;63.87;64.08;64.05;7.151;457.992;
2019-06-18;64.35;63.44;63.87;63.72;7.808;497.545;
2019-06-17;63.55;63.08;63.44;63.39;12.527;794.108;
2019-06-14;64.40;63.60;63.96;64.07;27.986;1.792.924;
2019-06-13;63.49;63.10;63.49;63.30;2.693;170.459;
2019-06-12;63.11;62.61;62.88;62.95;5.501;346.285;
2019-06-11;62.49;62.05;62.49;62.16;3.085;191.752;
2019-06-10;62.55;62.22;62.50;62.39;4.358;271.891;
2019-06-07;63.19;62.58;63.14;63.03;16.581;1.045.108;
2019-06-05;63.14;62.58;62.58;62.91;10.159;639.083;
2019-06-04;62.75;62.12;62.58;62.57;9.260;579.395;
2019-06-03;62.57;62.20;62.45;62.42;39.162;2.444.303;
2019-05-31;62.11;61.54;61.93;61.97;9.959;617.197;
2019-05-29;61.72;61.45;61.54;61.58;1.157;71.246;
2019-05-28;61.27;60.72;60.90;61.02;3.757;229.263;
2019-05-27;61.67;61.30;61.30;61.48;494;30.372;
2019-05-24;61.61;61.02;61.28;61.46;3.294;202.446;
2019-05-23;62.00;61.24;61.63;61.80;5.235;323.502;
2019-05-22;61.47;61.22;61.23;61.26;1.536;94.090;
2019-05-21;61.79;61.22;61.22;61.42;8.873;545.019;
2019-05-20;61.68;61.17;61.68;61.40;5.487;336.877;
2019-05-17;62.10;61.53;61.53;61.88;5.820;360.128;
2019-05-16;62.32;61.74;61.74;62.12;1.418;88.089;
2019-05-15;62.31;62.14;62.31;62.23;1.190;74.051;
2019-05-14;62.55;62.25;62.40;62.28;3.956;246.372;
2019-05-13;62.56;61.62;62.26;62.13;5.017;311.682;
2019-05-10;61.94;61.56;61.67;61.82;5.746;355.241;
2019-05-09;62.01;61.70;61.99;61.91;14.109;873.527;
2019-05-08;61.93;61.42;61.47;61.80;6.084;375.969;
2019-05-07;61.56;61.21;61.32;61.23;1.788;109.478;
2019-05-06;61.58;61.05;61.05;61.43;5.616;344.980;
2019-05-03;61.05;60.63;61.05;60.68;21.747;1.319.590;
2019-05-02;60.85;60.18;60.74;60.42;1.293;78.126;
2019-04-30;60.92;60.69;60.85;60.73;239;14.514;
2019-04-29;61.04;60.68;60.69;60.85;4.280;260.455;
2019-04-26;61.12;60.51;60.84;60.63;7.815;473.809;
2019-04-25;61.21;60.53;61.08;61.07;4.920;300.452;
2019-04-24;59.97;59.32;59.97;59.46;1.185;70.459;
2019-04-23;59.55;59.16;59.24;59.23;8.667;513.333;
2019-04-18;59.54;58.60;59.18;59.15;2.698;159.589;
2019-04-17;59.10;58.61;58.97;58.75;7.316;429.795;
2019-04-16;59.55;59.23;59.23;59.33;5.823;345.483;
2019-04-15;59.67;59.32;59.63;59.54;4.403;262.163;
2019-04-12;60.08;59.58;59.58;59.96;21.118;1.266.153;
2019-04-11;60.58;59.91;60.01;60.33;3.767;227.268;
2019-04-10;60.52;60.12;60.44;60.39;855;51.633;
2019-04-09;60.43;59.94;60.43;60.16;1.735;104.375;
2019-04-08;60.41;59.94;59.94;60.20;2.709;163.095;
2019-04-05;60.02;59.58;59.75;59.82;2.593;155.106;
2019-04-04;59.92;59.39;59.77;59.60;3.347;199.465;
2019-04-03;60.12;59.65;59.79;59.78;4.464;266.836;
2019-04-02;60.36;59.67;60.36;59.86;7.732;462.855;
2019-04-01;60.27;59.45;59.68;59.63;52.617;3.137.714;
2019-03-29;60.11;59.58;59.88;59.85;9.376;561.115;
2019-03-28;60.99;59.89;59.89;60.43;12.769;771.692;
2019-03-27;61.17;60.62;60.99;61.01;24.078;1.469.042;
2019-03-26;61.07;60.42;60.86;60.69;2.335;141.703;
2019-03-25;61.14;60.82;60.82;61.01;3.696;225.509;
2019-03-22;61.22;59.96;61.22;60.58;6.416;388.688;
2019-03-21;60.41;59.98;59.98;60.09;1.470;88.335;
2019-03-20;60.26;59.75;59.77;59.98;12.610;756.405;
2019-03-19;60.45;59.97;59.97;60.09;3.332;200.208;
2019-03-18;60.17;60.10;60.17;60.15;1.315;79.092;
2019-03-15;60.65;60.17;60.17;60.57;2.185;132.336;
2019-03-14;60.68;60.29;60.50;60.39;16.420;991.581;
2019-03-13;61.15;60.94;60.94;61.13;68.565;4.191.432;
2019-03-12;60.91;60.65;60.75;60.74;17.954;1.090.521;
2019-03-11;61.11;60.87;60.91;60.99;6.971;425.185;
2019-03-08;61.57;61.23;61.37;61.32;25.231;1.547.267;
2019-03-07;60.64;59.66;60.64;60.25;21.573;1.299.721;
2019-03-06;60.10;59.99;59.99;60.02;5.326;319.668;
2019-03-05;60.17;59.88;59.99;59.99;7.204;432.142;
2019-03-04;60.18;59.76;60.17;59.78;140.212;8.381.467;
2019-03-01;60.63;60.22;60.22;60.36;10.645;642.559;
2019-02-28;61.45;60.87;60.93;61.30;9.926;608.469;
2019-02-27;61.81;61.38;61.38;61.50;1.967;120.964;
2019-02-26;62.07;61.66;62.02;61.82;4.340;268.308;
2019-02-25;62.28;61.80;62.21;61.97;8.103;502.161;
2019-02-22;62.47;61.73;62.40;62.11;70.451;4.375.900;
2019-02-21;62.83;62.24;62.40;62.59;8.281;518.267;
2019-02-20;62.95;62.42;62.85;62.72;6.304;395.389;
2019-02-19;62.75;61.79;62.68;62.29;10.542;656.620;
2019-02-18;61.58;61.30;61.30;61.43;2.720;167.090;
2019-02-15;61.57;61.16;61.35;61.41;4.636;284.696;
2019-02-14;61.00;60.48;61.00;60.90;25.792;1.570.702;
2019-02-13;60.96;60.30;60.62;60.72;7.632;463.423;
2019-02-12;61.28;60.70;60.97;61.03;10.657;650.421;
2019-02-11;61.06;60.51;60.90;60.70;11.052;670.834;
2019-02-08;61.11;60.60;61.07;60.93;14.079;857.835;
2019-02-07;60.75;60.15;60.50;60.67;4.343;263.509;
2019-02-06;60.40;60.05;60.19;60.19;10.169;612.096;
2019-02-05;60.21;59.80;59.83;59.91;10.188;610.381;
2019-02-04;59.87;59.44;59.86;59.76;5.420;323.922;
2019-02-01;60.12;59.65;59.88;59.83;11.261;673.694;
2019-01-31;60.11;59.83;60.11;59.97;8.607;516.119;
2019-01-30;59.99;59.64;59.80;59.87;5.008;299.851;
2019-01-29;59.74;59.25;59.73;59.44;17.614;1.047.005;
2019-01-28;59.30;58.93;59.23;59.10;14.349;848.012;
2019-01-25;58.75;58.22;58.75;58.63;8.451;495.452;
2019-01-24;58.10;57.75;57.97;57.89;116;6.715;
2019-01-23;58.29;57.75;57.75;57.93;1.051;60.884;
2019-01-22;58.15;57.95;57.98;57.97;4.570;264.933;
2019-01-21;58.02;57.59;57.76;57.71;5.282;304.817;
2019-01-18;58.42;57.75;58.02;58.09;8.614;500.374;
2019-01-17;58.73;58.34;58.61;58.65;8.585;503.491;
2019-01-16;58.34;57.84;58.34;58.04;329;19.094;
2019-01-15;58.04;57.70;58.04;57.90;516;29.877;
2019-01-14;58.25;57.77;58.07;58.10;5.299;307.866;
2019-01-11;57.69;57.45;57.69;57.62;33.222;1.914.277;
2019-01-10;57.89;57.40;57.63;57.59;5.211;300.119;
2019-01-09;57.68;57.12;57.68;57.41;17.961;1.031.176;
2019-01-08;57.70;57.09;57.70;57.34;20.477;1.174.203;
2019-01-07;58.13;57.70;57.70;57.91;5.063;293.214;
2019-01-04;58.58;57.62;57.79;58.19;16.776;976.186;
2019-01-03;58.78;58.27;58.40;58.47;37.941;2.218.365;
2019-01-02;58.15;57.23;58.08;57.76;16.593;958.447;
2018-12-28;57.83;57.35;57.70;57.64;16.328;941.208;
2018-12-27;58.00;57.52;57.83;57.83;32.374;1.872.312;
2018-12-21;57.15;56.72;57.08;56.91;17.840;1.015.265;
2018-12-20;57.04;56.27;56.72;56.62;22.999;1.302.252;
2018-12-19;57.23;56.75;57.16;57.04;2.726;155.499;
2018-12-18;57.00;56.60;56.94;56.85;7.008;398.375;
2018-12-17;56.71;56.40;56.45;56.49;4.033;227.819;
2018-12-14;56.80;56.50;56.55;56.61;4.953;280.398;
2018-12-13;56.90;56.50;56.54;56.77;4.613;261.873;
2018-12-12;57.19;56.67;56.91;57.06;3.752;214.085;
2018-12-11;57.11;56.76;56.98;56.88;4.298;244.489;
2018-12-10;56.90;56.46;56.76;56.69;20.386;1.155.650;
2018-12-07;56.65;56.10;56.44;56.37;3.141;177.060;
2018-12-06;56.36;55.96;56.07;56.16;11.085;622.548;
2018-12-05;56.24;55.70;55.70;56.08;5.729;321.277;
2018-12-04;56.20;55.97;56.20;56.08;5.093;285.598;
2018-12-03;56.11;55.87;55.97;55.93;11.734;656.283;
2018-11-30;56.06;55.67;55.87;55.96;658;36.821;
2018-11-29;55.98;55.50;55.98;55.65;4.874;271.244;
2018-11-28;55.59;55.50;55.50;55.51;2.227;123.619;
2018-11-27;56.03;55.76;55.76;55.87;946;52.857;
2018-11-26;56.13;55.61;55.76;55.96;16.444;920.285;
2018-11-23;56.00;55.74;56.00;55.85;1.195;66.745;
2018-11-22;56.05;55.72;55.91;56.02;4.102;229.809;
2018-11-21;55.99;55.77;55.99;55.89;1.093;61.093;
2018-11-20;55.94;55.35;55.88;55.79;5.341;297.993;
2018-11-19;55.35;55.24;55.27;55.25;127;7.017;
2018-11-16;55.57;55.23;55.23;55.47;1.782;98.851;
2018-11-15;55.62;55.15;55.45;55.46;15.250;845.689;
2018-11-14;55.18;54.58;55.06;55.05;12.487;687.458;
2018-11-13;55.33;54.62;54.62;55.08;1.523;83.887;
2018-11-12;55.55;55.25;55.25;55.41;1.615;89.484;
2018-11-09;55.82;55.25;55.25;55.45;6.790;376.478;
2018-11-08;55.62;55.06;55.16;55.23;7.544;416.687;
2018-11-07;56.00;55.55;55.74;55.80;1.961;109.422;
2018-11-06;56.29;56.00;56.20;56.19;2.635;148.053;
2018-11-05;56.39;56.11;56.29;56.25;25.729;1.447.325;
2018-11-02;56.17;56.00;56.00;56.11;4.279;240.111;
2018-11-01;56.32;55.70;56.30;56.04;24.070;1.348.884;
2018-10-31;56.35;55.92;56.08;56.12;16.314;915.576;
2018-10-30;56.62;56.36;56.49;56.47;6.461;364.865;
2018-10-29;56.75;56.24;56.65;56.54;21.402;1.210.007;
2018-10-26;57.30;56.55;57.17;57.02;15.695;894.938;
2018-10-25;56.88;56.46;56.55;56.66;24.205;1.371.564;
2018-10-24;56.50;56.06;56.49;56.23;9.231;519.015;
2018-10-23;56.60;55.84;56.21;56.22;9.625;541.121;
2018-10-22;55.51;55.19;55.30;55.39;4.104;227.340;
2018-10-19;56.03;55.61;55.82;55.89;4.815;269.129;
2018-10-18;55.58;55.04;55.52;55.14;3.444;189.894;
2018-10-17;55.42;54.77;55.17;54.84;3.088;169.352;
2018-10-16;55.41;54.89;54.89;55.25;7.516;415.231;
2018-10-15;55.88;55.11;55.11;55.55;11.955;664.092;
2018-10-12;55.32;54.61;55.32;54.89;29.054;1.594.649;
2018-10-11;55.63;54.26;55.62;54.74;32.405;1.773.719;
2018-10-10;54.69;54.02;54.16;54.36;4.725;256.859;
2018-10-09;54.69;54.69;54.69;54.69;10;547;
2018-10-08;55.03;54.17;54.75;54.62;3.819;208.588;
2018-10-05;54.85;54.53;54.76;54.76;2.068;113.252;
2018-10-04;55.09;54.60;55.05;55.03;1.959;107.813;
2018-10-03;54.65;54.30;54.62;54.55;6.970;380.193;
2018-10-02;54.55;53.65;54.55;54.10;14.600;789.812;
2018-10-01;53.39;53.00;53.39;53.19;1.514;80.525;
2018-09-28;53.00;52.57;53.00;52.79;10.150;535.802;
2018-09-27;53.15;52.53;52.53;52.95;388;20.546;
2018-09-26;53.40;52.85;53.09;53.24;9.444;502.765;
2018-09-25;53.43;53.16;53.43;53.30;1.175;62.626;
2018-09-24;53.18;52.97;53.16;52.99;15.073;798.698;
2018-09-21;53.59;52.80;53.13;53.30;3.871;206.327;
2018-09-20;54.11;53.62;54.11;53.94;3.774;203.581;
2018-09-19;54.14;53.82;53.87;53.85;1.275;68.659;
2018-09-18;54.00;53.59;53.91;53.92;7.787;419.878;
2018-09-17;54.74;54.50;54.74;54.69;1.895;103.640;
2018-09-14;54.56;54.16;54.17;54.32;2.299;124.871;
2018-09-13;54.90;54.25;54.26;54.53;2.930;159.780;
2018-09-12;54.73;54.29;54.48;54.38;2.575;140.029;
2018-09-11;54.67;54.41;54.41;54.54;5.766;314.499;
2018-09-10;54.66;54.34;54.53;54.34;17.875;971.408;
2018-09-07;55.30;54.99;55.11;55.16;4.299;237.135;
2018-09-06;55.00;54.52;54.52;54.70;4.490;245.607;
2018-09-05;54.90;54.50;54.80;54.64;20.110;1.098.725;
2018-09-04;54.95;54.52;54.52;54.88;588;32.270;
2018-09-03;55.57;55.37;55.56;55.45;1.542;85.496;
2018-08-31;55.68;55.34;55.44;55.39;16.394;908.063;
2018-08-30;55.55;55.18;55.18;55.28;16.491;911.581;
2018-08-29;55.68;55.23;55.55;55.43;5.112;283.342;
2018-08-28;55.85;55.50;55.68;55.80;1.994;111.258;
2018-08-27;55.84;55.24;55.84;55.36;11.976;662.973;
2018-08-24;55.76;54.61;55.76;54.87;2.305;126.471;
2018-08-23;54.75;54.35;54.45;54.53;6.019;328.213;
2018-08-22;55.22;54.62;55.00;54.85;1.720;94.339;
2018-08-21;55.16;54.67;54.94;54.85;1.953;107.112;
2018-08-20;55.07;54.76;55.00;54.87;4.228;231.974;
2018-08-17;54.83;54.31;54.76;54.63;8.303;453.563;
2018-08-16;54.70;54.27;54.70;54.35;8.756;475.853;
2018-08-15;55.03;54.65;54.74;54.79;3.586;196.489;
2018-08-14;55.10;54.93;54.93;55.04;1.251;68.855;
2018-08-13;55.98;55.39;55.67;55.63;15.237;847.625;
2018-08-10;55.41;54.90;55.39;55.22;1.781;98.344;
2018-08-09;55.02;54.59;54.94;54.83;1.603;87.899;
2018-08-08;54.71;54.41;54.41;54.55;3.946;215.254;
2018-08-07;54.89;54.49;54.70;54.59;2.933;160.108;
2018-08-06;54.69;54.41;54.50;54.58;1.334;72.806;
2018-08-03;54.63;53.93;54.63;54.05;3.584;193.699;
2018-08-02;54.15;53.97;53.97;54.11;1.200;64.928;
2018-08-01;54.42;54.15;54.15;54.37;520;28.270;
2018-07-31;54.15;53.75;54.15;54.01;7.200;388.894;
2018-07-30;54.81;54.33;54.81;54.57;407;22.211;
2018-07-27;54.56;54.25;54.25;54.31;1.411;76.625;
2018-07-26;54.50;54.10;54.45;54.19;22.263;1.206.355;
2018-07-25;55.07;54.57;54.81;54.83;1.502;82.354;
2018-07-24;55.14;54.75;55.14;54.79;2.403;131.658;
2018-07-23;55.03;54.80;54.90;54.94;1.026;56.367;
2018-07-20;56.86;56.76;56.86;56.77;2.830;160.657;
2018-07-19;54.57;54.23;54.31;54.37;1.216;66.114;
2018-07-18;54.89;54.47;54.89;54.57;3.249;177.294;
2018-07-17;55.48;54.94;54.94;55.09;512;28.204;
2018-07-16;55.80;55.53;55.53;55.60;1.285;71.441;
2018-07-13;55.85;55.71;55.80;55.77;1.582;88.227;
2018-07-12;55.82;55.44;55.78;55.68;482;26.836;
2018-07-11;55.67;55.40;55.40;55.62;2.865;159.365;
2018-07-10;55.67;55.45;55.67;55.57;6.263;348.018;
2018-07-09;55.90;55.47;55.90;55.62;6.106;339.613;
2018-07-06;55.86;55.45;55.47;55.61;1.189;66.120;
2018-07-05;55.72;55.50;55.65;55.62;2.307;128.324;
2018-07-04;56.23;55.78;55.96;56.07;2.554;143.191;
2018-07-03;56.40;55.67;56.23;56.00;1.740;97.445;
2018-07-02;57.07;56.52;57.07;56.71;384;21.775;
2018-06-29;56.91;56.39;56.90;56.84;1.360;77.300;
2018-06-28;57.11;56.96;57.06;56.99;416;23.710;
2018-06-27;56.81;56.37;56.81;56.53;9.441;533.722;
2018-06-26;56.73;56.14;56.31;56.24;17.736;997.542;
2018-06-25;57.22;56.85;56.94;57.00;2.209;125.913;
2018-06-21;57.30;56.64;57.24;57.20;2.280;130.406;
2018-06-20;57.55;57.02;57.02;57.11;7.214;412.008;
2018-06-19;58.00;57.48;57.78;57.87;1.004;58.103;
2018-06-18;57.55;57.07;57.18;57.40;648;37.197;
2018-06-15;57.78;57.09;57.09;57.53;69.086;3.974.247;
2018-06-14;57.68;56.70;57.60;56.83;5.447;309.546;
2018-06-13;56.81;56.44;56.81;56.69;1.381;78.286;
2018-06-12;57.13;56.63;56.68;56.68;2.223;126.010;
2018-06-11;57.28;56.89;57.20;57.21;6.975;399.023;
2018-06-08;57.65;57.13;57.65;57.55;2.690;154.817;
2018-06-07;57.19;56.89;57.14;57.06;1.314;74.983;
2018-06-05;57.60;57.09;57.57;57.38;6.637;380.805;
2018-06-04;57.67;57.19;57.51;57.35;11.951;685.382;
2018-06-01;58.16;57.77;58.16;58.06;8.077;468.945;
2018-05-31;58.35;57.86;58.34;58.20;2.774;161.437;
2018-05-30;58.79;57.94;58.33;58.48;20.431;1.194.792;
2018-05-29;59.26;58.61;59.14;58.98;62.347;3.677.209;
2018-05-28;58.07;57.44;58.05;57.93;19.627;1.136.902;
2018-05-25;58.13;57.50;57.88;57.90;5.732;331.872;
2018-05-24;57.99;57.51;57.99;57.70;3.102;178.990;
2018-05-23;57.83;57.22;57.28;57.47;4.705;270.417;
2018-05-22;56.93;56.58;56.93;56.78;224;12.719;
2018-05-21;57.19;56.84;56.88;57.01;2.885;164.475;
2018-05-18;57.23;56.85;57.02;57.05;221;12.608;
2018-05-17;56.93;56.67;56.93;56.76;7.971;452.417;
2018-05-16;57.20;56.75;56.75;56.98;715;40.742;
2018-05-15;57.51;57.15;57.40;57.30;939;53.804;
2018-05-14;57.65;57.47;57.55;57.59;2.405;138.498;
2018-05-11;57.92;57.50;57.50;57.53;9.677;556.751;
2018-05-09;58.54;57.83;57.83;58.14;6.386;371.261;
2018-05-08;59.10;58.26;58.52;58.66;4.823;282.928;
2018-05-07;59.08;58.48;58.48;58.76;9.176;539.198;
2018-05-04;58.94;58.50;58.94;58.75;2.186;128.420;
2018-05-03;59.07;58.77;59.00;59.00;18.822;1.110.489;
2018-05-02;59.07;58.50;59.07;58.62;12.764;748.283;
2018-04-30;58.07;57.82;57.85;57.99;1.578;91.507;
2018-04-27;58.40;57.86;58.24;58.15;9.686;563.265;
2018-04-26;57.76;57.46;57.70;57.52;1.952;112.284;
2018-04-25;57.50;57.15;57.16;57.33;10.153;582.075;
2018-04-24;57.37;57.06;57.22;57.22;3.515;201.145;
2018-04-23;57.33;56.84;56.84;57.17;5.639;322.357;
2018-04-20;57.48;57.17;57.45;57.40;1.161;66.647;
2018-04-19;57.75;57.10;57.10;57.59;2.112;121.632;
2018-04-18;;;57.33;;;;
2018-04-17;57.65;57.25;57.33;57.32;2.021;115.845;
2018-04-16;57.72;57.34;57.70;57.65;9.257;533.627;
2018-04-13;57.72;57.14;57.72;57.41;8.442;484.624;
2018-04-12;57.54;57.23;57.43;57.44;11.279;647.871;
2018-04-11;57.22;56.60;57.00;56.80;5.928;336.717;
2018-04-10;56.75;56.51;56.57;56.62;27.919;1.580.693;
2018-04-09;56.73;56.59;56.71;56.59;22.101;1.250.722;
2018-04-06;58.97;56.91;56.91;58.72;91.524;5.373.970;
2018-04-05;56.77;56.37;56.70;56.54;3.911;221.134;
2018-04-04;57.56;56.80;57.10;57.30;13.589;778.690;
2018-04-03;57.08;56.62;56.62;56.96;15.518;883.953;
2018-03-29;56.35;56.04;56.27;56.25;1.659;93.318;
2018-03-28;56.64;56.17;56.48;56.43;8.599;485.232;
2018-03-27;56.49;56.11;56.26;56.32;10.971;617.849;
2018-03-26;56.57;56.03;56.56;56.42;15.084;851.002;
2018-03-23;56.71;56.26;56.71;56.45;4.237;239.181;
2018-03-22;55.80;55.40;55.55;55.60;3.952;219.746;
2018-03-21;55.46;54.81;55.46;55.37;4.752;263.121;
2018-03-20;56.69;56.46;56.60;56.46;11.377;642.360;
2018-03-19;54.82;54.45;54.82;54.58;6.304;344.048;
2018-03-16;55.05;54.62;54.82;54.99;2.767;152.156;
2018-03-15;55.19;54.74;54.90;55.01;4.679;257.370;
2018-03-14;55.39;55.10;55.36;55.30;2.723;150.587;
2018-03-13;55.35;55.03;55.21;55.16;78.147;4.310.287;
2018-03-12;55.46;55.17;55.36;55.42;1.371;75.978;
2018-03-09;55.60;55.23;55.45;55.39;1.315;72.838;
2018-03-08;55.73;55.38;55.38;55.55;6.590;366.056;
2018-03-07;55.88;55.60;55.60;55.70;4.108;228.834;
2018-03-06;56.00;55.39;55.99;55.76;5.965;332.628;
2018-03-05;55.95;55.48;55.59;55.70;5.904;328.852;
2018-03-02;55.71;55.32;55.68;55.48;7.269;403.289;
2018-03-01;55.40;54.92;54.92;55.17;14.659;808.771;
2018-02-28;55.69;55.23;55.69;55.49;6.348;352.274;
2018-02-27;55.45;55.22;55.45;55.32;1.163;64.338;
2018-02-26;55.57;55.35;55.40;55.55;3.033;168.475;
2018-02-23;55.45;54.85;55.29;55.05;15.458;850.899;
2018-02-22;55.01;54.79;55.01;54.82;9.133;500.635;
2018-02-21;54.84;54.51;54.65;54.78;7.123;390.174;
2018-02-20;55.25;54.91;55.05;55.15;2.575;142.000;
2018-02-19;54.80;54.53;54.80;54.54;75.278;4.105.928;
2018-02-16;55.00;54.68;54.80;54.88;3.825;209.911;
2018-02-15;54.92;54.47;54.92;54.70;2.938;160.722;
2018-02-14;54.76;54.17;54.76;54.50;4.113;224.151;
2018-02-13;54.58;54.40;54.44;54.47;2.400;130.726;
2018-02-12;54.50;54.25;54.39;54.39;2.483;135.061;
2018-02-09;54.59;54.17;54.26;54.28;7.938;430.861;
2018-02-08;54.22;53.78;54.22;53.99;1.538;83.031;
2018-02-07;54.11;53.80;54.10;53.91;5.397;290.960;
2018-02-06;54.62;54.00;54.00;54.22;68.289;3.702.699;
2018-02-05;53.98;53.44;53.97;53.71;13.833;743.026;
2018-02-02;53.98;53.76;53.98;53.77;609;32.744;
2018-02-01;54.00;53.48;53.95;53.56;9.027;483.483;
2018-01-31;53.89;53.40;53.71;53.68;4.721;253.446;
2018-01-30;54.07;53.71;54.02;53.88;3.103;167.188;
2018-01-29;54.23;53.73;53.73;54.06;2.992;161.760;
2018-01-26;54.50;54.08;54.36;54.34;3.167;172.089;
2018-01-25;55.00;54.36;54.38;54.93;6.950;381.775;
2018-01-24;54.93;54.57;54.89;54.70;2.996;163.875;
2018-01-23;54.91;54.38;54.54;54.55;5.586;304.707;
2018-01-22;54.71;54.33;54.71;54.63;2.499;136.525;
2018-01-19;54.74;54.31;54.46;54.55;3.462;188.857;
2018-01-18;54.61;54.40;54.40;54.47;713;38.836;
2018-01-17;55.00;54.63;54.75;54.81;6.053;331.772;
2018-01-16;54.85;54.56;54.80;54.67;6.235;340.854;
2018-01-15;55.10;54.90;54.90;55.06;4.103;225.910;
2018-01-12;55.20;54.87;55.07;55.04;3.359;184.891;
2018-01-11;55.19;54.85;54.87;54.99;3.108;170.902;
2018-01-10;55.25;54.90;55.21;55.10;748;41.217;
2018-01-09;55.29;55.02;55.29;55.27;3.762;207.917;
2018-01-08;55.10;54.84;55.06;54.90;2.218;121.760;
2018-01-05;54.91;54.56;54.84;54.84;2.173;119.159;
2018-01-04;54.71;54.41;54.56;54.57;3.103;169.330;
2018-01-03;55.06;54.81;54.90;54.96;3.471;190.759;
2018-01-02;54.81;54.53;54.81;54.69;4.036;220.740;
2017-12-29;54.64;54.16;54.59;54.32;1.034;56.162;
2017-12-28;54.56;54.15;54.38;54.35;1.318;71.637;
2017-12-27;54.88;54.32;54.47;54.74;4.889;267.615;
2017-12-22;56.33;56.05;56.05;56.16;7.147;401.360;
2017-12-21;54.46;54.18;54.43;54.25;1.706;92.558;
2017-12-20;54.27;53.88;54.00;54.07;684;36.986;
2017-12-19;54.51;54.18;54.40;54.37;678;36.863;
2017-12-18;54.53;54.00;54.41;54.33;3.139;170.550;
2017-12-15;54.21;54.15;54.21;54.19;4.423;239.681;
2017-12-14;54.13;53.55;54.08;53.86;16.612;894.692;
2017-12-13;53.80;53.24;53.55;53.55;6.874;368.087;
2017-12-12;54.09;53.23;53.33;53.49;5.911;316.156;
2017-12-11;54.30;53.89;54.09;54.06;4.643;251.002;
2017-12-08;54.23;53.76;54.07;54.09;6.535;353.467;
2017-12-07;54.32;54.02;54.15;54.17;5.336;289.066;
2017-12-06;54.52;54.00;54.45;54.24;5.425;294.246;
2017-12-05;54.86;54.58;54.77;54.80;459;25.153;
2017-12-04;54.80;54.51;54.80;54.57;293;15.990;
2017-12-01;54.50;54.32;54.50;54.42;8.808;479.345;
2017-11-30;55.03;54.60;54.62;54.87;1.524;83.621;
2017-11-29;55.30;54.79;55.00;55.10;3.988;219.736;
2017-11-28;55.15;54.93;54.95;54.96;1.235;67.879;
2017-11-27;55.00;54.60;54.88;54.80;1.467;80.387;
2017-11-24;54.89;54.32;54.60;54.58;908;49.560;
2017-11-23;54.94;54.60;54.68;54.61;4.057;221.535;
2017-11-22;55.40;54.99;55.40;55.31;5.206;287.933;
2017-11-21;55.61;55.16;55.16;55.39;3.600;199.396;
2017-11-20;55.85;55.51;55.51;55.64;970;53.973;
2017-11-17;55.56;54.97;55.56;55.05;1.763;97.052;
2017-11-16;54.80;54.80;54.80;54.80;2;110;
2017-11-15;55.49;55.01;55.25;55.46;89.585;4.968.278;
2017-11-14;55.01;54.75;55.01;55.00;2.065;113.585;
2017-11-13;54.88;54.49;54.75;54.63;3.707;202.517;
2017-11-10;55.07;54.71;54.82;54.91;1.890;103.784;
2017-11-09;55.10;54.84;54.84;55.07;1.729;95.212;
2017-11-08;54.92;54.80;54.92;54.85;3.696;202.740;
2017-11-07;55.00;54.82;54.82;54.86;1.318;72.308;
2017-11-06;54.89;54.54;54.87;54.67;6.993;382.299;
2017-11-03;54.70;54.57;54.70;54.67;8.975;490.670;
2017-11-02;54.83;54.57;54.57;54.75;2.653;145.260;
2017-11-01;54.87;54.53;54.75;54.61;5.407;295.263;
2017-10-31;54.44;54.28;54.44;54.42;1.271;69.168;
2017-10-30;54.41;54.00;54.41;54.38;5.739;312.069;
2017-10-27;54.41;53.80;54.41;53.91;10.612;572.101;
2017-10-26;53.98;53.59;53.91;53.91;25.450;1.371.939;
2017-10-25;53.52;53.34;53.45;53.44;5.710;305.158;
2017-10-24;53.69;53.38;53.41;53.64;4.816;258.330;
2017-10-23;53.56;53.35;53.56;53.46;3.548;189.667;
2017-10-20;53.86;53.27;53.39;53.40;272;14.526;
2017-10-19;53.86;53.49;53.86;53.70;2.301;123.554;
2017-10-18;53.61;53.29;53.29;53.47;5.427;290.180;
2017-10-17;53.75;53.47;53.48;53.59;10.835;580.663;
2017-10-16;54.38;54.06;54.11;54.12;12.127;656.370;
2017-10-13;53.93;53.60;53.80;53.80;3.718;200.035;
2017-10-12;53.70;53.19;53.50;53.41;8.583;458.382;
2017-10-11;53.31;52.94;53.19;53.03;2.108;111.795;
2017-10-10;53.48;53.35;53.48;53.42;3.400;181.625;
2017-10-09;53.38;53.05;53.35;53.19;3.959;210.591;
2017-10-06;53.03;52.76;52.76;52.93;5.440;287.947;
2017-10-05;53.00;52.80;53.00;52.84;613;32.388;
2017-10-04;53.16;52.78;52.80;52.92;2.075;109.818;
2017-10-03;53.30;52.77;53.02;52.96;970;51.370;
2017-10-02;53.43;53.13;53.43;53.18;888;47.228;
2017-09-29;54.00;53.27;53.81;53.76;7.863;422.753;
2017-09-28;53.56;53.24;53.24;53.33;3.743;199.614;
2017-09-27;54.02;53.54;53.77;53.84;1.208;65.038;
2017-09-26;54.15;53.84;54.02;54.03;3.314;179.062;
2017-09-25;53.64;53.00;53.64;53.49;1.557;83.287;
2017-09-22;52.99;52.60;52.99;52.83;2.152;113.692;
2017-09-21;53.20;52.79;52.79;52.98;6.632;351.348;
2017-09-20;53.49;53.20;53.25;53.29;3.306;176.163;
2017-09-19;53.44;53.15;53.18;53.17;376;19.990;
2017-09-18;53.70;53.15;53.15;53.48;3.392;181.393;
2017-09-15;54.48;53.76;53.76;54.19;1.625;88.060;
2017-09-14;54.32;54.07;54.32;54.10;1.125;60.865;
2017-09-13;54.54;54.09;54.23;54.24;10.447;566.672;
2017-09-12;54.43;53.98;54.08;54.23;5.167;280.197;
2017-09-11;54.82;54.19;54.82;54.53;2.299;125.357;
2017-09-08;55.07;54.70;54.70;54.87;6.083;333.746;
2017-09-07;54.85;54.39;54.69;54.60;2.458;134.216;
2017-09-06;54.76;54.48;54.76;54.63;3.061;167.208;
2017-09-05;54.55;54.35;54.41;54.43;1.227;66.789;
2017-09-04;54.88;54.27;54.35;54.73;5.043;275.991;
2017-09-01;54.16;53.67;54.16;53.86;1.623;87.416;
2017-08-31;53.60;53.18;53.49;53.51;113.870;6.092.918;
2017-08-30;53.62;53.06;53.61;53.50;90.593;4.846.284;
2017-08-29;53.96;53.45;53.55;53.83;6.372;343.032;
2017-08-28;53.52;53.00;53.52;53.17;1.134;60.298;
2017-08-25;53.27;53.12;53.12;53.24;3.178;169.210;
2017-08-24;53.39;53.05;53.26;53.33;2.850;151.993;
2017-08-23;53.62;53.46;53.46;53.54;612;32.767;
2017-08-22;53.64;53.04;53.50;53.35;5.793;309.043;
2017-08-21;53.72;53.50;53.50;53.65;8.377;449.448;
2017-08-18;54.22;53.65;53.85;54.04;13.287;718.060;
2017-08-17;53.65;53.31;53.65;53.58;6.796;364.117;
2017-08-16;52.85;52.41;52.85;52.72;4.687;247.099;
2017-08-15;53.18;52.70;52.91;52.91;4.038;213.632;
2017-08-14;53.59;53.17;53.52;53.42;1.331;71.108;
2017-08-11;54.08;53.58;53.58;53.92;33.243;1.792.448;
2017-08-10;53.94;53.47;53.94;53.63;6.755;362.274;
2017-08-09;53.76;53.29;53.35;53.48;13.170;704.279;
2017-08-08;52.80;52.49;52.66;52.63;3.130;164.735;
2017-08-07;52.60;52.60;52.60;52.60;595;31.297;
2017-08-04;52.77;52.16;52.71;52.54;2.847;149.572;
2017-08-03;52.80;52.50;52.54;52.55;410;21.546;
2017-08-02;52.84;52.57;52.84;52.76;2.200;116.072;
2017-08-01;52.67;52.40;52.67;52.63;3.352;176.431;
2017-07-31;53.02;52.71;52.77;52.78;1.357;71.620;
2017-07-28;52.88;52.42;52.86;52.49;364;19.106;
2017-07-27;53.00;52.73;52.88;52.81;430;22.707;
2017-07-26;52.60;52.44;52.60;52.49;1.826;95.847;
2017-07-25;53.07;52.42;52.44;52.52;304;15.967;
2017-07-24;53.17;52.90;53.17;53.08;9.722;516.078;
2017-07-21;52.89;52.85;52.89;52.85;1.589;83.986;
2017-07-20;53.00;52.65;52.65;52.70;4.960;261.401;
2017-07-19;52.83;52.54;52.80;52.74;920;48.520;
2017-07-18;52.80;52.17;52.80;52.38;1.925;100.827;
2017-07-17;52.78;52.42;52.78;52.47;1.103;57.874;
2017-07-14;52.57;52.17;52.57;52.33;2.392;125.171;
2017-07-13;52.75;52.18;52.37;52.39;1.062;55.634;
2017-07-12;52.62;52.62;52.62;52.62;93;4.894;
2017-07-11;52.27;52.27;52.27;52.27;32;1.673;
2017-07-10;52.45;52.15;52.31;52.28;14.981;783.193;
2017-07-07;53.02;52.45;52.45;52.76;2.913;153.692;
2017-07-06;53.27;53.10;53.27;53.22;844;44.919;
2017-07-05;53.57;53.26;53.26;53.36;9.750;520.295;
2017-07-04;53.71;53.40;53.57;53.49;3.867;206.839;
2017-07-03;53.60;53.34;53.47;53.44;490;26.186;
2017-06-30;54.12;53.93;53.93;54.08;26;1.406;
2017-06-29;54.81;54.20;54.23;54.56;6.023;328.593;
2017-06-28;55.47;55.03;55.12;55.07;3.228;177.754;
2017-06-27;55.90;55.52;55.54;55.53;11.310;628.007;
2017-06-26;56.29;55.68;55.68;55.85;2.122;118.520;
2017-06-22;56.26;55.91;55.91;56.05;402;22.532;
2017-06-21;56.30;55.94;56.20;56.06;1.548;86.774;
2017-06-20;55.97;55.81;55.92;55.94;1.681;94.032;
2017-06-19;56.05;55.90;55.90;56.01;1.188;66.544;
2017-06-16;56.41;56.16;56.30;56.37;3.613;203.668;
2017-06-15;56.40;55.96;56.24;56.22;1.437;80.792;
2017-06-14;57.16;56.58;56.87;56.99;93.228;5.313.056;
2017-06-13;56.69;56.09;56.58;56.28;6.565;369.456;
2017-06-12;56.94;56.79;56.79;56.80;1.122;63.734;
2017-06-09;57.37;56.95;56.95;57.12;2.463;140.684;
2017-06-08;57.60;56.94;56.98;57.55;3.092;177.957;
2017-06-07;57.88;57.59;57.87;57.83;2.526;146.081;
2017-06-05;57.23;56.76;57.12;56.95;526;29.955;
2017-06-02;56.76;56.30;56.76;56.43;1.951;110.090;
2017-06-01;56.83;56.50;56.59;56.71;3.178;180.231;
2017-05-31;56.75;56.56;56.67;56.67;1.708;96.796;
2017-05-30;56.75;56.33;56.75;56.66;1.150;65.154;
2017-05-29;56.76;56.58;56.74;56.73;1.839;104.327;
2017-05-26;56.58;56.14;56.58;56.54;89.183;5.042.093;
2017-05-24;56.13;55.77;55.85;55.95;3.968;221.993;
2017-05-23;56.50;56.19;56.20;56.29;347;19.532;
2017-05-22;56.50;56.13;56.42;56.23;1.765;99.247;
2017-05-19;56.40;56.17;56.40;56.30;648;36.482;
2017-05-18;57.12;56.34;56.65;56.68;2.942;166.750;
2017-05-17;56.74;56.20;56.58;56.66;5.136;291.022;
2017-05-16;56.22;55.82;55.82;55.91;1.472;82.300;
2017-05-15;56.24;55.73;56.24;55.85;999;55.789;
2017-05-12;56.30;56.29;56.29;56.30;4.000;225.180;
2017-05-11;56.19;55.47;56.19;55.82;4.304;240.242;
2017-05-10;56.24;56.10;56.10;56.14;2.990;167.865;
2017-05-09;55.88;55.59;55.76;55.81;4.925;274.874;
2017-05-08;56.10;55.44;55.88;55.99;2.883;161.430;
2017-05-05;56.01;55.83;55.83;55.92;1.020;57.042;
2017-05-04;56.34;55.80;56.01;55.93;7.711;431.301;
2017-05-03;56.97;56.73;56.73;56.75;2.764;156.870;
2017-05-02;57.24;56.94;57.09;57.16;801;45.784;
2017-04-28;57.65;57.48;57.60;57.65;10.618;612.078;
2017-04-27;57.48;57.00;57.48;57.47;20.567;1.181.927;
2017-04-26;57.28;56.81;56.99;57.03;2.786;158.875;
2017-04-25;57.91;57.36;57.36;57.48;29.908;1.719.015;
2017-04-24;58.16;57.53;57.91;57.93;14.756;854.853;
2017-04-21;59.61;59.14;59.61;59.47;1.780;105.853;
2017-04-20;59.13;58.83;59.00;58.88;3.787;222.991;
2017-04-19;59.27;59.22;59.25;59.26;715;42.370;
2017-04-18;59.60;59.17;59.60;59.44;4.402;261.643;
2017-04-13;59.72;59.56;59.63;59.59;8.954;533.556;
2017-04-12;59.38;59.26;59.26;59.28;1.215;72.023;
2017-04-11;59.00;58.77;59.00;58.87;3.338;196.505;
2017-04-10;58.69;58.41;58.46;58.59;4.128;241.851;
2017-04-07;59.02;58.44;58.76;58.92;20.014;1.179.162;
2017-04-06;58.12;57.80;58.12;58.03;768;44.570;
2017-04-05;58.10;57.56;57.76;58.09;2.367;137.506;
2017-04-04;58.50;57.99;58.40;58.29;8.484;494.550;
2017-04-03;57.81;57.17;57.81;57.50;21.150;1.216.110;
2017-03-31;57.29;57.05;57.20;57.05;11.160;636.707;
2017-03-30;57.42;57.17;57.41;57.21;3.543;202.697;
2017-03-29;57.45;56.87;57.45;57.42;3.171;182.077;
2017-03-28;56.97;56.79;56.80;56.81;23.983;1.362.479;
2017-03-27;57.00;56.78;56.85;56.93;20.674;1.177.000;
2017-03-24;56.60;56.60;56.60;56.60;2.050;116.030;
2017-03-23;56.79;56.49;56.60;56.62;16.382;927.523;
2017-03-22;56.90;56.60;56.60;56.66;6.358;360.222;
2017-03-21;56.05;55.54;56.05;55.80;988;55.135;
2017-03-20;56.22;56.00;56.05;56.11;1.902;106.728;
2017-03-17;55.95;55.79;55.84;55.93;20.609;1.152.682;
2017-03-16;56.22;55.76;55.97;55.98;1.097;61.413;
2017-03-15;55.58;55.30;55.30;55.56;519;28.835;
2017-03-14;55.65;55.55;55.62;55.64;925;51.464;
2017-03-13;56.03;55.63;55.63;55.91;9.146;511.380;
2017-03-10;55.74;55.50;55.72;55.60;1.338;74.387;
2017-03-09;56.41;56.17;56.17;56.32;1.049;59.076;
2017-03-08;56.43;56.12;56.12;56.26;2.745;154.443;
2017-03-07;56.95;56.45;56.49;56.64;7.053;399.516;
2017-03-06;57.27;56.93;56.93;57.05;1.139;64.977;
2017-03-03;57.57;57.20;57.20;57.31;90.473;5.185.017;
2017-03-02;58.15;57.81;57.88;57.96;2.359;136.731;
2017-03-01;58.26;57.73;57.92;58.08;1.809;105.074;
2017-02-28;58.61;58.25;58.28;58.49;3.520;205.901;
2017-02-27;58.59;58.28;58.42;58.42;3.772;220.347;
2017-02-24;58.51;58.20;58.51;58.36;1.283;74.874;
2017-02-23;57.87;57.15;57.87;57.62;3.320;191.292;
2017-02-22;57.72;57.16;57.16;57.28;2.876;164.749;
2017-02-21;57.19;56.90;57.13;57.09;4.007;228.763;
2017-02-20;57.10;56.75;57.10;56.97;2.917;166.196;
2017-02-17;57.09;56.63;56.96;56.83;5.800;329.616;
2017-02-16;56.84;56.62;56.63;56.75;298;16.911;
2017-02-15;56.77;56.37;56.50;56.40;1.230;69.377;
2017-02-14;56.80;56.31;56.80;56.62;3.319;187.912;
2017-02-13;56.70;56.30;56.30;56.52;3.652;206.396;
2017-02-10;56.77;56.23;56.77;56.38;72.444;4.084.256;
2017-02-09;56.89;56.76;56.77;56.79;22.216;1.261.582;
2017-02-08;57.00;56.51;57.00;56.72;14.386;816.032;
2017-02-07;56.62;56.15;56.60;56.53;21.224;1.199.710;
2017-02-06;56.10;55.27;56.10;55.63;8.490;472.300;
2017-02-03;55.10;54.89;54.89;54.92;3.664;201.214;
2017-02-02;55.08;54.58;55.02;54.97;3.257;179.025;
2017-02-01;54.66;54.20;54.20;54.45;526;28.639;
2017-01-31;55.10;54.43;55.10;54.82;6.365;348.940;
2017-01-30;54.91;54.13;54.91;54.46;1.406;76.574;
2017-01-27;54.14;53.86;54.14;53.98;1.945;105.000;
2017-01-26;54.45;54.15;54.15;54.32;4.142;224.991;
2017-01-25;55.27;54.48;54.48;55.03;4.621;254.307;
2017-01-24;55.61;55.22;55.55;55.52;1.740;96.607;
2017-01-23;55.67;55.58;55.61;55.61;525;29.194;
2017-01-20;55.83;55.30;55.30;55.58;1.131;62.865;
2017-01-19;55.81;55.41;55.64;55.67;1.740;96.866;
2017-01-18;56.15;55.88;56.15;55.92;5.390;301.383;
2017-01-17;56.22;55.69;55.96;56.11;105.106;5.897.789;
2017-01-16;55.87;55.42;55.69;55.74;12.688;707.246;
2017-01-13;55.32;55.14;55.14;55.20;1.824;100.691;
2017-01-12;55.82;55.38;55.55;55.55;11.651;647.210;
2017-01-11;56.07;55.50;55.78;55.94;3.144;175.888;
2017-01-10;55.40;55.35;55.40;55.35;639;35.371;
2017-01-09;55.50;54.87;55.25;55.22;2.645;146.058;
2017-01-05;55.38;55.26;55.37;55.35;1.887;104.453;
2017-01-04;55.21;54.75;55.05;55.14;3.929;216.645;
2017-01-03;54.60;54.50;54.60;54.52;1.347;73.432;
2017-01-02;;;54.39;;;;
2016-12-30;54.76;54.13;54.39;54.34;7.791;423.343;
2016-12-29;54.49;54.14;54.28;54.33;864;46.940;
2016-12-28;54.45;53.99;54.20;54.03;4.579;247.395;
2016-12-27;54.75;54.37;54.37;54.46;3.354;182.650;
2016-12-23;54.18;53.81;54.18;53.82;408;21.959;
2016-12-22;54.12;53.63;53.70;53.66;2.600;139.514;
2016-12-21;55.00;54.16;54.16;54.35;6.373;346.392;
2016-12-20;55.25;54.74;54.77;54.84;1.744;95.646;
2016-12-19;55.33;55.15;55.33;55.29;302;16.698;
2016-12-16;55.20;54.95;54.95;54.96;3.412;187.532;
2016-12-15;55.00;54.67;54.67;54.90;939;51.547;
2016-12-14;55.39;54.95;55.10;55.07;3.620;199.346;
2016-12-13;55.23;54.65;54.74;54.79;27.037;1.481.425;
2016-12-12;55.28;54.92;55.28;55.17;1.477;81.486;
2016-12-09;55.57;55.00;55.49;55.15;2.702;149.003;
2016-12-08;55.30;55.08;55.30;55.19;1.293;71.363;
2016-12-07;55.50;55.20;55.20;55.34;307;16.991;
2016-12-06;55.66;55.25;55.64;55.30;1.456;80.520;
2016-12-05;56.23;55.23;55.23;55.55;16.240;902.176;
2016-12-02;56.30;55.94;56.10;55.98;1.263;70.706;
2016-12-01;55.90;55.80;55.80;55.85;16.804;938.511;
2016-11-30;56.60;56.33;56.48;56.46;2.120;119.691;
2016-11-29;56.98;56.52;56.80;56.69;5.509;312.323;
2016-11-28;57.19;56.85;56.85;56.90;1.472;83.762;
2016-11-25;57.12;56.67;56.67;57.00;3.425;195.230;
2016-11-24;57.00;56.88;56.88;56.94;903;51.421;
2016-11-23;58.13;57.10;57.10;57.79;1.840;106.338;
2016-11-22;58.37;57.70;57.70;58.26;10.306;600.414;
2016-11-21;58.44;57.91;58.27;58.05;13.496;783.395;
2016-11-18;58.12;57.77;58.00;58.01;3.226;187.138;
2016-11-17;58.69;58.19;58.47;58.31;13.340;777.879;
2016-11-16;58.70;58.31;58.70;58.38;603;35.202;
2016-11-15;58.34;57.67;58.16;58.09;11.923;692.643;
2016-11-14;58.10;57.50;57.67;57.64;6.964;401.433;
2016-11-11;59.40;57.71;57.97;58.43;7.363;430.235;
2016-11-10;60.57;59.51;59.51;60.10;8.511;511.511;
2016-11-09;61.89;60.37;60.75;61.34;52.721;3.234.069;
2016-11-08;60.33;59.40;60.26;59.98;5.999;359.804;
2016-11-07;60.50;60.20;60.30;60.38;14.828;895.322;
2016-11-04;60.79;60.74;60.79;60.78;645;39.204;
2016-11-03;60.42;59.50;60.00;60.02;4.992;299.610;
2016-11-02;60.57;60.10;60.57;60.20;10.222;615.337;
2016-11-01;60.00;59.90;60.00;59.95;2.303;138.054;
2016-10-31;59.82;59.35;59.70;59.54;2.673;159.160;
2016-10-28;59.65;59.32;59.32;59.35;3.381;200.655;
2016-10-27;59.35;58.43;59.35;59.18;2.614;154.695;
2016-10-26;59.08;58.60;58.70;58.94;2.815;165.929;
2016-10-25;58.83;58.55;58.70;58.66;195;11.438;
2016-10-24;58.63;58.23;58.23;58.44;64;3.740;
2016-10-21;58.52;58.52;58.52;58.52;10;585;
2016-10-20;58.41;58.15;58.38;58.37;168;9.807;
2016-10-19;57.92;57.92;57.92;57.92;457;26.469;
2016-10-18;57.81;57.52;57.81;57.53;1.243;71.510;
2016-10-17;57.55;57.26;57.36;57.29;2.325;133.210;
2016-10-14;57.44;57.02;57.36;57.16;87.027;4.974.749;
2016-10-13;57.80;57.41;57.41;57.70;24.309;1.402.739;
2016-10-12;57.71;57.29;57.59;57.49;2.253;129.522;
2016-10-11;57.46;56.86;57.22;56.99;15.389;877.059;
2016-10-10;57.01;56.33;56.52;56.65;3.865;218.934;
2016-10-07;56.60;55.81;55.81;56.21;1.115;62.677;
2016-10-06;56.78;56.26;56.40;56.47;3.025;170.828;
2016-10-05;56.97;56.41;56.55;56.62;13.913;787.700;
2016-10-04;58.50;57.23;57.23;58.40;33.192;1.938.385;
2016-10-03;58.78;58.35;58.42;58.56;828;48.488;
2016-09-30;59.45;58.81;58.81;59.02;3.179;187.625;
2016-09-29;59.01;58.74;58.81;58.79;25.760;1.514.428;
2016-09-28;59.20;58.97;59.19;59.02;4.016;237.030;
2016-09-27;59.64;59.25;59.50;59.62;1.990;118.639;
2016-09-26;59.58;59.25;59.35;59.50;6.309;375.395;
2016-09-23;59.64;59.13;59.64;59.51;5.147;306.274;
2016-09-22;59.49;58.95;59.49;59.21;13.777;815.708;
2016-09-21;59.48;58.00;59.48;59.21;13.190;780.915;
2016-09-20;58.83;58.30;58.83;58.57;2.130;124.751;
2016-09-19;58.62;58.20;58.20;58.40;2.489;145.360;
2016-09-16;58.62;58.02;58.62;58.28;14.440;841.581;
2016-09-15;58.67;58.07;58.07;58.30;1.692;98.641;
2016-09-14;58.65;58.26;58.46;58.48;2.118;123.850;
2016-09-13;58.90;58.48;58.48;58.75;2.751;161.608;
2016-09-12;58.97;58.42;58.42;58.55;2.662;155.848;
2016-09-09;58.95;58.34;58.95;58.72;204;11.979;
2016-09-08;59.26;58.95;58.95;59.04;2.206;130.235;
2016-09-07;59.65;59.25;59.25;59.44;3.281;195.024;
2016-09-06;59.48;58.49;59.34;59.35;3.923;232.812;
2016-09-05;59.10;58.42;59.10;58.68;711;41.722;
2016-09-02;58.50;58.23;58.50;58.47;5.949;347.863;
2016-09-01;58.39;58.09;58.37;58.26;693;40.377;
2016-08-31;58.44;58.13;58.13;58.24;6.565;382.367;
2016-08-30;58.69;58.20;58.44;58.29;23.626;1.377.180;
2016-08-29;58.34;58.00;58.34;58.24;3.877;225.791;
2016-08-26;58.32;57.78;58.32;58.03;629;36.503;
2016-08-25;57.96;57.73;57.89;57.78;1.396;80.655;
2016-08-24;58.40;57.96;57.96;58.13;1.015;58.998;
2016-08-23;58.64;57.96;58.40;58.46;505;29.524;
2016-08-22;58.61;58.01;58.01;58.57;1.204;70.514;
2016-08-19;59.03;58.30;58.55;58.70;3.389;198.924;
2016-08-18;59.26;59.11;59.11;59.25;198;11.732;
2016-08-17;59.22;58.56;59.20;58.90;986;58.073;
2016-08-16;59.00;58.75;58.75;58.81;284;16.703;
2016-08-15;59.40;58.76;59.00;59.29;2.284;135.416;
2016-08-12;59.65;58.60;59.57;59.53;1.404;83.584;
2016-08-11;59.55;58.85;59.11;58.98;4.405;259.827;
2016-08-10;60.27;59.43;59.70;59.78;1.894;113.228;
2016-08-09;59.89;59.15;59.89;59.21;5.298;313.693;
2016-08-08;59.88;59.26;59.72;59.49;1.370;81.507;
2016-08-05;60.66;60.00;60.00;60.54;1.653;100.069;
2016-08-04;60.82;60.07;60.63;60.30;14.145;852.939;
2016-08-03;60.76;60.40;60.40;60.57;6.730;407.618;
2016-08-02;60.83;60.60;60.81;60.74;10.866;659.977;
2016-08-01;60.61;60.00;60.28;60.40;3.058;184.709;
2016-07-29;60.00;59.75;60.00;59.88;956;57.242;
2016-07-28;60.40;59.96;60.40;60.21;3.280;197.481;
2016-07-27;60.00;59.53;60.00;59.80;883;52.800;
2016-07-26;59.94;59.35;59.94;59.46;1.503;89.373;
2016-07-25;59.84;59.20;59.40;59.61;7.542;449.585;
2016-07-22;59.81;59.20;59.20;59.21;8.746;517.830;
2016-07-21;59.50;58.76;59.50;59.15;2.953;174.671;
2016-07-20;60.08;58.85;58.85;59.02;3.738;220.609;
2016-07-19;59.86;59.29;59.75;59.36;2.690;159.672;
2016-07-18;59.66;59.39;59.62;59.59;4.414;263.036;
2016-07-15;59.25;58.85;59.25;58.98;7.315;431.432;
2016-07-14;59.40;58.47;58.53;58.86;2.720;160.095;
2016-07-13;60.26;59.16;59.16;59.95;2.837;170.091;
2016-07-12;60.75;60.19;60.70;60.34;3.553;214.398;
2016-07-11;61.40;60.43;60.68;60.67;3.923;237.991;
2016-07-08;60.85;60.54;60.59;60.71;6.538;396.906;
2016-07-07;61.40;60.41;60.74;61.17;25.736;1.574.201;
2016-07-06;61.64;60.90;61.18;61.24;32.518;1.991.269;
2016-07-05;59.84;59.20;59.84;59.51;9.234;549.508;
2016-07-04;59.83;59.50;59.78;59.68;3.364;200.748;
2016-07-01;59.26;59.00;59.00;59.16;5.020;297.007;
2016-06-30;58.76;58.11;58.73;58.39;12.785;746.516;
2016-06-29;59.02;58.70;59.01;58.82;12.000;705.782;
2016-06-28;59.58;56.81;58.89;58.47;14.718;860.501;
2016-06-27;59.80;58.79;59.58;59.20;63.593;3.764.499;
2016-06-23;54.84;53.62;53.88;54.82;95.401;5.229.585;
2016-06-22;55.06;54.51;54.54;54.76;16.495;903.274;
2016-06-21;55.44;54.65;55.22;54.93;6.976;383.216;
2016-06-20;55.61;54.95;55.61;55.32;32.724;1.810.234;
2016-06-17;56.39;55.86;56.39;56.16;8.275;464.753;
2016-06-16;58.12;57.09;58.06;57.47;19.977;1.148.055;
2016-06-15;56.19;55.76;56.04;55.96;5.008;280.253;
2016-06-14;55.95;55.43;55.87;55.74;5.114;285.044;
2016-06-13;55.95;55.50;55.59;55.75;11.131;620.575;
2016-06-10;55.41;54.39;55.20;54.99;7.307;401.783;
2016-06-09;54.38;53.70;54.38;53.86;1.647;88.701;
2016-06-08;53.71;53.04;53.60;53.39;5.009;267.432;
2016-06-07;53.03;52.52;52.87;52.62;1.807;95.092;
2016-06-03;53.21;52.65;53.17;53.05;3.596;190.783;
2016-06-02;53.00;52.65;52.96;52.94;10.010;529.886;
2016-06-01;53.11;52.69;52.69;52.97;2.629;139.250;
2016-05-31;53.00;52.69;52.69;52.83;2.873;151.789;
2016-05-30;52.80;52.47;52.59;52.47;142.556;7.480.356;
2016-05-27;53.20;52.88;52.91;52.97;1.195;63.305;
2016-05-26;53.58;53.16;53.24;53.42;11.214;599.003;
2016-05-25;53.44;53.06;53.19;53.18;6.980;371.172;
2016-05-24;54.60;53.82;53.97;54.36;14.075;765.125;
2016-05-23;54.70;54.44;54.58;54.52;2.370;129.211;
2016-05-20;54.99;54.88;54.88;54.96;967;53.147;
2016-05-19;55.09;54.60;54.60;54.92;10.759;590.879;
2016-05-18;55.18;55.10;55.10;55.10;2.170;119.570;
2016-05-17;55.41;54.90;55.38;55.13;2.970;163.749;
2016-05-16;55.72;55.10;55.10;55.43;96.853;5.368.970;
2016-05-13;55.10;54.77;55.10;54.79;1.044;57.201;
2016-05-12;54.52;54.11;54.33;54.40;4.250;231.208;
2016-05-11;54.60;54.26;54.50;54.45;5.161;281.027;
2016-05-10;54.31;53.97;54.00;54.10;990;53.554;
2016-05-09;54.83;54.22;54.44;54.73;17.260;944.657;
2016-05-06;55.02;54.30;55.01;54.60;13.391;731.154;
2016-05-04;54.31;54.05;54.31;54.25;982;53.272;
2016-05-03;54.24;53.79;53.88;53.82;5.444;292.998;
2016-05-02;54.66;54.24;54.24;54.43;4.542;247.238;
2016-04-29;54.15;53.76;54.15;54.08;14.126;763.905;
2016-04-28;53.41;53.03;53.31;53.20;721;38.357;
2016-04-27;53.12;53.06;53.09;53.10;625;33.188;
2016-04-26;52.83;52.44;52.83;52.54;4.645;244.030;
2016-04-25;52.84;52.55;52.70;52.77;5.550;292.859;
2016-04-22;53.30;52.97;53.13;53.15;3.306;175.710;
2016-04-21;53.85;53.33;53.33;53.63;3.540;189.843;
2016-04-20;53.03;52.80;53.03;52.99;4.511;239.052;
2016-04-19;52.94;52.75;52.75;52.94;90.178;4.773.990;
2016-04-18;52.96;52.76;52.76;52.81;3.348;176.809;
2016-04-15;52.67;52.48;52.48;52.58;153;8.045;
2016-04-14;52.86;52.86;52.86;52.86;112;5.920;
2016-04-13;53.00;52.86;52.86;52.90;170;8.994;
2016-04-12;53.64;53.24;53.24;53.40;2.150;114.815;
2016-04-11;53.62;53.24;53.28;53.37;3.558;189.877;
2016-04-08;52.91;52.82;52.85;52.88;1.600;84.611;
2016-04-07;52.99;52.24;52.99;52.44;4.350;228.115;
2016-04-06;52.56;52.12;52.39;52.40;16.374;857.968;
2016-04-05;52.91;52.36;52.71;52.54;3.438;180.629;
2016-04-04;52.07;51.90;52.06;52.05;3.414;177.701;
2016-04-01;52.78;51.76;51.90;52.19;8.870;462.921;
2016-03-31;52.71;52.50;52.70;52.69;1.088;57.331;
2016-03-30;53.38;52.67;52.67;53.00;1.860;98.579;
2016-03-29;53.48;52.87;53.41;52.97;1.922;101.818;
2016-03-24;53.09;52.77;53.05;52.96;1.716;90.871;
2016-03-23;53.69;52.77;53.24;53.04;7.533;399.547;
2016-03-22;54.41;54.20;54.20;54.33;3.250;176.584;
2016-03-21;53.90;53.58;53.90;53.64;8.235;441.733;
2016-03-18;54.43;54.07;54.07;54.17;1.681;91.064;
2016-03-17;54.58;54.21;54.49;54.39;3.177;172.805;
2016-03-16;54.13;53.83;53.86;54.08;11.453;619.427;
2016-03-15;53.98;53.73;53.98;53.85;5.900;317.743;
2016-03-14;55.24;54.28;54.28;55.04;6.535;359.708;
2016-03-11;55.91;55.54;55.54;55.75;5.445;303.535;
2016-03-10;56.04;55.27;55.72;55.81;9.074;506.454;
2016-03-09;56.22;55.60;55.62;56.06;8.201;459.746;
2016-03-08;57.04;56.40;56.58;56.86;7.133;405.589;
2016-03-07;57.00;56.56;56.62;56.73;7.235;410.443;
2016-03-04;57.21;56.30;56.69;56.73;11.575;656.638;
2016-03-03;56.41;56.10;56.10;56.32;12.727;716.844;
2016-03-02;56.39;55.50;56.39;55.78;2.517;140.394;
2016-03-01;56.50;55.84;56.06;56.02;5.033;281.960;
2016-02-29;55.61;55.10;55.48;55.32;6.458;357.252;
2016-02-26;55.20;54.70;54.70;55.05;6.410;352.870;
2016-02-25;55.46;54.96;55.40;55.27;7.106;392.782;
2016-02-24;55.87;54.54;55.67;55.45;18.176;1.007.915;
2016-02-23;54.53;54.41;54.42;54.44;3.611;196.576;
2016-02-22;54.26;53.49;54.26;53.95;32.043;1.728.591;
2016-02-19;54.71;54.28;54.58;54.46;5.568;303.231;
2016-02-18;54.00;53.32;54.00;53.88;8.674;467.321;
2016-02-17;54.05;53.45;54.05;53.48;4.585;245.196;
2016-02-16;54.37;53.15;54.09;53.53;23.648;1.265.924;
2016-02-15;54.20;53.61;53.92;53.72;91.550;4.918.486;
2016-02-12;54.96;54.50;54.65;54.82;131.001;7.181.448;
2016-02-11;54.99;53.30;54.99;54.32;40.048;2.175.372;
2016-02-10;52.97;52.30;52.96;52.55;17.341;911.200;
2016-02-09;53.34;52.50;52.50;52.89;46.761;2.473.319;
2016-02-08;53.44;51.90;53.14;52.76;28.196;1.487.629;
2016-02-05;51.40;50.99;51.40;51.18;1.725;88.278;
2016-02-04;50.80;50.50;50.80;50.74;26.903;1.365.052;
2016-02-03;50.75;50.48;50.75;50.72;11.132;564.624;
2016-02-02;50.92;50.51;50.92;50.65;26.578;1.346.307;
2016-02-01;50.59;50.38;50.59;50.45;11.584;584.440;
2016-01-29;50.42;49.89;50.42;50.20;5.357;268.926;
2016-01-28;50.34;49.81;50.01;50.08;12.941;648.022;
2016-01-27;50.30;50.00;50.06;50.14;7.296;365.850;
2016-01-26;51.00;50.01;50.22;50.15;12.935;648.742;
2016-01-25;49.94;49.63;49.94;49.86;2.324;115.869;
2016-01-22;49.51;49.23;49.45;49.44;3.608;178.383;
2016-01-21;49.86;49.58;49.70;49.68;5.780;287.160;
2016-01-20;49.85;49.04;49.85;49.43;5.075;250.848;
2016-01-19;49.17;49.04;49.04;49.14;6.500;319.410;
2016-01-18;49.37;49.21;49.28;49.30;5.315;262.027;
2016-01-15;49.33;48.74;49.21;49.11;8.489;416.916;
2016-01-14;49.01;48.75;48.75;48.81;11.043;539.051;
2016-01-13;48.68;48.47;48.68;48.48;220;10.666;
2016-01-12;49.16;48.66;49.16;48.95;3.431;167.951;
2016-01-11;49.56;49.45;49.45;49.49;2.971;147.026;
2016-01-08;49.54;49.18;49.54;49.36;8.154;402.473;
2016-01-07;49.85;49.33;49.59;49.49;187.301;9.269.393;
2016-01-05;48.70;48.43;48.70;48.53;109.951;5.336.340;
2016-01-04;48.42;47.39;48.42;47.63;15.434;735.179
