Date;Högsta kurs;Lägsta kurs;Closing price;Genomsnittspris;Tot. vol.;Oms;
2019-09-09;200.95;199.98;200.70;200.53;247 285;49 588 364;
2019-09-06;199.98;199.00;199.62;199.44;328 710;65 558 298;
2019-09-05;199.48;197.70;199.28;198.41;1 051 104;208 690 575;
2019-09-04;197.82;196.68;197.18;197.33;1 559 012;307 635 796;
2019-09-03;196.58;195.00;195.66;196.01;413 327;81 012 868;
2019-09-02;197.22;195.70;195.76;196.11;1 490 199;292 263 471;
2019-08-30;197.48;194.56;196.24;196.00;1 113 516;218 250 223;
2019-08-29;194.36;190.88;194.36;192.94;1 112 330;214 659 523;
2019-08-28;191.08;189.10;190.86;190.13;460 167;87 490 050;
2019-08-27;191.08;189.30;190.62;190.58;334 782;63 802 615;
2019-08-26;190.26;187.64;189.98;189.35;357 374;67 669 910;
2019-08-23;193.28;190.22;190.38;192.49;1 497 227;288 195 874;
2019-08-22;192.84;191.22;191.52;191.82;1 837 171;352 520 549;
2019-08-21;193.34;191.44;192.42;192.99;744 433;143 667 508;
2019-08-20;192.96;191.32;191.46;192.27;275 940;53 043 413;
2019-08-19;192.02;190.38;191.80;191.06;173 834;33 212 969;
2019-08-16;189.52;187.36;189.50;188.99;181 132;34 232 007;
2019-08-15;188.04;184.34;186.26;185.92;205 841;38 242 225;
2019-08-14;191.98;186.88;187.18;188.46;160 479;30 243 271;
2019-08-13;192.80;188.22;191.56;190.35;1 060 640;201 941 360;
2019-08-12;193.24;190.68;191.30;191.49;545 032;104 369 365;
2019-08-09;193.00;190.80;191.12;191.66;281 617;54 122 784;
2019-08-08;193.26;192.06;193.24;192.91;427 826;82 531 003;
2019-08-07;191.90;189.02;190.38;190.62;1 016 580;193 632 726;
2019-08-06;192.42;189.52;189.94;190.99;457 960;87 466 017;
2019-08-05;193.24;190.40;191.64;191.28;915 091;175 034 976;
2019-08-02;197.66;195.20;195.32;196.29;1 654 159;325 041 393;
2019-08-01;201.80;198.52;201.25;200.83;885 176;177 773 004;
2019-07-31;200.15;199.20;199.70;199.66;509 594;101 692 178;
2019-07-30;201.70;198.76;199.44;199.69;623 411;124 478 531;
2019-07-29;201.65;200.45;201.35;201.36;851 166;171 393 226;
2019-07-26;201.35;200.40;201.00;200.88;283 164;56 882 874;
2019-07-25;202.75;199.24;200.40;201.73;757 611;152 784 006;
2019-07-24;202.50;200.70;201.20;201.05;2 314 801;465 412 538;
2019-07-23;203.10;200.45;202.80;202.57;309 625;62 719 885;
2019-07-22;200.35;199.30;199.84;199.87;262 430;52 452 880;
2019-07-19;200.10;197.54;199.86;199.25;732 778;145 983 710;
2019-07-18;198.44;196.16;196.66;197.01;593 382;116 899 969;
2019-07-17;203.20;199.30;199.32;200.75;1 060 900;212 999 616;
2019-07-16;203.65;202.10;203.40;202.87;1 710 673;347 045 831;
2019-07-15;204.25;202.00;204.00;203.38;307 719;62 582 507;
2019-07-12;203.20;201.55;202.55;202.79;384 448;77 961 106;
2019-07-11;203.25;200.85;201.20;201.70;135 307;27 291 383;
2019-07-10;204.00;202.30;202.40;203.06;555 242;112 747 900;
2019-07-09;204.20;202.70;203.55;203.43;716 990;145 859 992;
2019-07-08;205.45;203.40;204.60;204.82;183 198;37 511 381;
2019-07-05;204.80;202.05;203.80;203.09;825 858;167 736 811;
2019-07-04;206.30;205.45;205.75;206.03;450 503;92 812 220;
2019-07-03;206.50;204.80;205.40;205.61;466 241;95 864 772;
2019-07-02;205.45;204.35;205.05;204.94;310 608;63 655 488;
2019-07-01;205.10;204.00;204.70;204.63;192 431;39 373 835;
2019-06-28;202.88;201.55;202.15;202.37;3 187 615;644 933 284;
2019-06-27;202.20;200.60;201.40;201.64;488 416;98 491 808;
2019-06-26;201.00;199.00;200.00;200.15;323 867;64 652 119;
2019-06-25;201.10;200.20;200.50;200.55;571 582;114 632 151;
2019-06-24;204.05;200.70;200.90;202.21;249 552;50 404 701;
2019-06-20;203.65;202.40;202.85;203.16;231 168;46 963 218;
2019-06-19;201.55;200.45;200.90;201.12;830 602;167 054 279;
2019-06-18;201.10;196.56;200.85;199.76;1 045 486;208 956 851;
2019-06-17;198.72;197.48;198.24;198.26;865 933;171 471 785;
2019-06-14;198.98;196.98;198.40;197.69;327 294;64 854 810;
2019-06-13;200.10;198.08;199.20;199.56;327 916;65 474 112;
2019-06-12;198.92;197.06;198.76;197.94;948 142;187 684 489;
2019-06-11;199.10;196.78;198.48;198.88;535 586;106 516 837;
2019-06-10;197.50;195.98;196.28;196.52;964 529;189 566 196;
2019-06-07;195.92;192.64;195.20;195.21;1 951 452;380 805 722;
2019-06-05;192.88;191.06;192.00;192.30;650 844;125 153 154;
2019-06-04;191.56;187.98;191.40;190.81;838 280;159 680 028;
2019-06-03;189.12;186.34;189.12;187.53;723 085;135 563 594;
2019-05-31;191.00;187.64;188.08;188.50;317 216;59 818 201;
2019-05-29;193.40;191.74;191.78;192.03;351 239;67 449 029;
2019-05-28;195.72;193.90;194.88;194.72;2 363 709;460 727 814;
2019-05-27;197.22;195.18;195.32;195.44;2 014 905;393 793 093;
2019-05-24;196.78;195.20;195.92;196.26;1 789 691;351 267 317;
2019-05-23;197.20;194.18;194.18;195.85;561 430;109 958 209;
2019-05-22;200.10;197.98;198.72;199.14;1 718 810;342 290 820;
2019-05-21;200.25;199.18;199.46;199.89;1 367 409;273 335 379;
2019-05-20;200.25;197.32;198.20;198.69;1 042 343;206 872 575;
2019-05-17;201.00;198.38;200.00;199.74;508 795;101 627 771;
2019-05-16;201.40;198.14;201.25;200.05;498 958;99 779 338;
2019-05-15;199.18;196.36;198.34;197.42;655 532;129 417 108;
2019-05-14;198.36;196.60;198.36;197.80;559 655;110 737 777;
2019-05-13;199.80;196.08;196.46;197.34;375 678;74 137 009;
2019-05-10;201.45;198.62;199.40;199.92;1 072 706;214 329 352;
2019-05-09;201.50;198.74;198.88;199.94;1 751 262;350 151 757;
2019-05-08;202.30;200.65;201.90;200.92;2 852 820;573 188 978;
2019-05-07;205.65;200.70;201.05;203.03;2 379 889;481 676 217;
2019-05-06;205.60;199.06;204.10;202.59;1 589 139;322 453 449;
2019-05-03;208.25;206.60;207.70;207.82;276 537;57 470 758;
2019-05-02;207.75;206.30;206.30;207.05;870 346;180 202 519;
2019-04-30;209.90;207.65;207.75;208.25;936 941;195 020 345;
2019-04-29;210.00;208.70;209.80;209.78;2 111 982;443 041 908;
2019-04-26;209.50;208.40;208.95;208.81;1 048 990;219 301 900;
2019-04-25;210.25;206.45;208.80;208.30;1 179 915;245 774 717;
2019-04-24;208.55;206.65;207.55;207.80;1 374 186;285 491 787;
2019-04-23;207.30;205.35;206.75;206.06;375 202;77 312 726;
2019-04-18;206.70;204.40;206.55;206.37;187 006;38 482 994;
2019-04-17;205.25;203.55;204.90;204.77;1 092 779;223 765 123;
2019-04-16;204.45;203.00;203.45;203.89;771 538;157 309 758;
2019-04-15;203.25;202.30;202.75;202.79;1 003 156;203 429 285;
2019-04-12;203.00;200.90;202.65;202.51;8 618 486;1 747 372 911;
2019-04-11;201.80;200.35;201.20;201.29;617 540;124 307 989;
2019-04-10;201.15;199.16;201.15;200.41;1 829 594;366 660 380;
2019-04-09;201.50;199.16;199.48;200.42;4 715 389;944 287 247;
2019-04-08;200.35;199.18;200.30;199.84;2 918 665;583 653 857;
2019-04-05;200.30;199.02;200.30;199.84;1 803 616;360 252 939;
2019-04-04;199.48;198.20;198.58;199.00;3 963 789;788 708 574;
2019-04-03;199.00;196.56;198.90;198.25;2 853 159;565 674 782;
2019-04-02;196.24;193.90;195.54;195.60;2 947 411;576 221 820;
2019-04-01;194.12;191.88;193.84;193.34;705 020;136 332 050;
2019-03-29;192.10;190.14;190.58;191.31;1 552 327;296 519 162;
2019-03-28;191.54;189.08;189.88;190.60;1 969 978;375 024 194;
2019-03-27;191.52;189.40;189.80;190.63;337 889;64 412 551;
2019-03-26;190.48;189.36;190.38;190.13;1 383 097;262 942 378;
2019-03-25;190.78;189.02;190.46;189.50;2 638 009;500 941 845;
2019-03-22;194.54;190.70;190.74;193.37;2 386 369;461 458 774;
2019-03-21;194.48;192.98;194.18;193.49;634 965;122 900 562;
2019-03-20;195.56;194.34;194.50;194.59;1 208 834;235 384 045;
2019-03-19;195.98;193.80;195.26;194.96;1 536 783;299 619 560;
2019-03-18;194.20;192.88;193.68;193.61;753 564;145 899 092;
2019-03-15;193.00;191.26;192.88;192.28;708 422;136 214 533;
2019-03-14;192.12;190.00;192.08;191.62;546 994;104 815 339;
2019-03-13;190.26;188.72;189.86;189.97;542 502;103 059 949;
2019-03-12;190.80;189.02;189.18;189.64;1 012 441;191 970 746;
2019-03-11;189.84;188.00;189.82;189.52;343 042;65 010 713;
2019-03-08;188.50;186.96;188.50;187.66;259 574;48 710 425;
2019-03-07;190.38;187.74;188.18;188.79;1 973 529;373 110 801;
2019-03-06;191.80;189.96;190.10;190.73;639 581;121 988 767;
2019-03-05;192.16;190.48;192.16;191.43;2 761 390;528 395 332;
2019-03-04;192.40;191.02;191.96;191.68;583 960;111 883 749;
2019-03-01;191.60;190.24;190.88;191.05;503 650;96 220 016;
2019-02-28;190.88;188.38;190.04;189.69;514 105;97 518 651;
2019-02-27;191.00;190.00;190.28;190.48;1 007 936;191 951 848;
2019-02-26;191.82;190.56;191.40;191.34;955 306;182 758 250;
2019-02-25;192.94;191.02;191.94;191.49;247 848;47 461 018;
2019-02-22;192.30;190.46;191.90;191.82;1 352 094;259 352 823;
2019-02-21;192.18;190.14;190.24;190.79;1 197 774;228 527 832;
2019-02-20;192.18;190.86;191.94;191.91;811 321;155 713 176;
2019-02-19;192.26;191.04;191.86;191.57;2 492 807;477 548 467;
2019-02-18;191.80;190.46;191.40;191.11;555 592;106 249 908;
2019-02-15;191.34;187.98;190.76;190.07;921 811;175 211 028;
2019-02-14;189.64;185.28;188.70;188.91;1 406 826;265 762 955;
2019-02-13;188.74;187.26;187.92;187.96;1 309 071;246 030 733;
2019-02-12;187.36;186.34;187.04;186.96;461 104;86 207 243;
2019-02-11;186.70;185.28;186.16;186.17;722 656;134 534 835;
2019-02-08;185.50;184.14;184.60;184.98;633 044;117 098 237;
2019-02-07;188.06;185.16;185.16;186.38;867 898;161 730 865;
2019-02-06;187.70;185.96;187.50;187.32;1 049 729;196 638 462;
2019-02-05;186.54;185.08;186.42;186.21;328 911;61 250 634;
2019-02-04;184.76;183.86;184.66;184.48;69 869;12 889 698;
2019-02-01;184.62;183.20;184.24;183.97;1 281 116;235 703 999;
2019-01-31;184.40;182.04;183.00;183.02;4 054 930;741 983 015;
2019-01-30;182.48;181.00;182.24;181.99;1 526 601;277 892 381;
2019-01-29;182.02;179.56;181.70;181.58;454 547;82 537 815;
2019-01-28;181.90;180.06;180.42;180.76;756 572;136 798 395;
2019-01-25;181.86;180.76;181.58;181.53;561 977;102 013 031;
2019-01-24;179.90;178.68;179.70;179.17;460 998;82 614 854;
2019-01-23;179.56;178.04;178.74;179.15;497 470;89 119 680;
2019-01-22;180.80;178.90;179.54;180.09;446 214;80 357 325;
2019-01-21;181.04;179.76;180.58;180.20;487 407;87 830 192;
2019-01-18;180.90;179.04;180.68;180.01;2 349 259;422 936 287;
2019-01-17;178.28;176.46;178.20;177.55;287 397;51 026 482;
2019-01-16;177.88;175.84;177.10;177.17;1 717 827;304 703 288;
2019-01-15;177.72;175.30;175.70;175.56;7 445 884;1 307 111 118;
2019-01-14;176.48;175.76;176.06;176.00;770 084;135 783 703;
2019-01-11;178.58;176.52;177.06;177.17;139 600;24 732 949;
2019-01-10;177.98;176.00;177.80;176.90;207 101;36 635 190;
2019-01-09;178.28;176.50;177.68;177.81;1 566 291;278 501 484;
2019-01-08;176.90;173.74;176.00;175.90;1 434 762;252 985 499;
2019-01-07;174.66;173.12;173.76;173.58;393 449;68 308 791;
2019-01-04;173.38;169.38;173.16;171.14;125 001;21 392 810;
2019-01-03;169.86;168.08;168.52;169.01;461 187;77 946 440;
2019-01-02;170.18;166.56;169.76;168.79;392 114;66 186 766;
2018-12-28;170.82;168.84;169.62;170.00;886 165;150 645 900;
2018-12-27;171.72;166.42;167.12;168.69;402 412;67 883 388;
2018-12-21;171.00;168.90;169.50;169.65;981 206;166 469 492;
2018-12-20;173.16;171.64;171.80;172.28;333 965;57 551 175;
2018-12-19;175.82;174.54;175.22;175.01;1 482 742;259 490 375;
2018-12-18;175.82;174.38;174.90;175.32;187 490;32 871 341;
2018-12-17;177.60;175.14;175.66;176.35;463 016;81 651 852;
2018-12-14;178.84;176.22;177.76;177.55;945 009;168 143 193;
2018-12-13;180.86;178.32;178.68;178.92;1 730 205;309 571 180;
2018-12-12;180.48;177.04;180.34;178.94;2 855 770;510 909 295;
2018-12-11;177.92;174.88;176.90;176.98;3 714 245;654 865 085;
2018-12-10;175.44;173.46;173.64;174.73;224 940;39 303 005;
2018-12-07;177.30;175.16;175.54;176.22;1 465 422;258 297 852;
2018-12-06;176.92;173.90;174.12;174.88;526 241;92 029 353;
2018-12-05;180.44;178.80;178.84;179.66;501 133;90 035 573;
2018-12-04;184.34;182.16;182.16;183.07;472 563;86 513 859;
2018-12-03;186.44;184.68;184.78;185.74;539 599;100 227 237;
2018-11-30;183.48;182.40;183.18;182.88;1 713 349;313 336 771;
2018-11-29;183.60;181.76;182.72;182.82;656 740;120 067 881;
2018-11-28;181.82;180.60;181.24;181.27;1 555 505;282 030 079;
2018-11-27;181.74;180.20;180.92;180.73;2 293 638;414 549 698;
2018-11-26;181.00;179.26;181.00;180.18;700 612;126 232 817;
2018-11-23;178.30;177.08;178.22;177.80;269 744;47 974 634;
2018-11-22;178.20;177.08;177.24;177.51;544 749;96 714 119;
2018-11-21;178.60;176.44;178.34;177.17;941 193;167 326 636;
2018-11-20;178.44;174.92;175.96;176.14;1 769 545;311 775 450;
2018-11-19;182.16;178.90;179.02;180.67;763 872;138 008 909;
2018-11-16;181.76;179.94;181.06;180.91;519 772;94 033 982;
2018-11-15;182.58;179.00;179.94;180.04;572 524;103 012 238;
2018-11-14;182.76;180.98;181.42;182.02;1 138 689;207 263 991;
2018-11-13;184.30;182.00;183.68;183.05;1 694 350;309 857 375;
2018-11-12;185.62;182.98;183.20;183.75;1 081 960;198 894 635;
2018-11-09;185.06;184.32;184.42;184.72;163 897;30 274 765;
2018-11-08;186.76;185.00;185.22;185.51;483 608;89 714 517;
2018-11-07;186.50;185.06;185.46;185.21;256 793;47 561 334;
2018-11-06;185.68;184.42;184.88;184.68;603 104;111 406 858;
2018-11-05;186.14;185.00;185.68;185.87;107 338;19 950 784;
2018-11-02;187.00;186.30;186.72;186.73;503 199;93 964 470;
2018-11-01;185.86;183.98;184.60;184.63;537 322;99 207 487;
2018-10-31;186.32;184.36;185.32;185.30;443 519;82 184 283;
2018-10-30;182.74;180.44;182.74;181.54;403 353;73 212 921;
2018-10-29;182.88;179.98;180.84;181.78;1 308 074;237 793 950;
2018-10-26;180.24;177.68;178.64;178.34;1 005 382;179 302 458;
2018-10-25;182.14;179.38;181.36;181.21;1 068 105;193 737 422;
2018-10-24;183.60;180.94;181.22;182.46;578 087;105 475 329;
2018-10-23;182.62;180.86;182.26;181.71;718 463;130 549 025;
2018-10-22;186.14;183.80;184.28;185.13;1 132 448;209 619 969;
2018-10-19;186.10;182.26;185.10;184.17;2 960 123;545 217 435;
2018-10-18;187.52;185.84;186.02;186.91;810 244;151 425 070;
2018-10-17;188.00;186.04;186.16;186.98;92 595;17 313 461;
2018-10-16;187.00;183.54;186.92;185.68;1 415 353;264 020 962;
2018-10-15;185.02;183.10;184.88;184.19;409 035;75 339 387;
2018-10-12;188.22;184.98;185.02;186.34;2 657 870;497 695 585;
2018-10-11;189.58;186.18;186.82;187.32;2 237 870;419 184 283;
2018-10-10;195.52;191.68;192.06;193.51;584 181;113 043 336;
2018-10-09;195.72;193.68;195.54;194.91;217 730;42 471 947;
2018-10-08;196.42;195.20;195.32;195.96;113 197;22 182 097;
2018-10-05;198.44;196.62;196.70;197.25;350 772;69 190 176;
2018-10-04;200.25;197.74;198.24;198.57;183 788;36 495 635;
2018-10-03;201.80;199.30;200.45;200.79;909 019;182 158 984;
2018-10-02;199.96;198.62;199.24;199.05;393 664;78 358 685;
2018-10-01;200.95;199.42;200.85;200.36;465 190;93 206 704;
2018-09-28;200.90;199.30;200.70;199.98;610 299;122 007 378;
2018-09-27;201.70;199.24;201.70;201.02;1 258 251;253 004 614;
2018-09-26;199.60;198.42;199.56;199.02;575 627;114 484 346;
2018-09-25;199.60;198.70;199.42;199.29;174 848;34 845 921;
2018-09-24;199.92;199.00;199.32;199.18;250 823;49 959 412;
2018-09-21;200.10;198.46;199.72;199.68;437 775;87 416 160;
2018-09-20;198.06;196.64;197.98;197.74;1 543 399;305 206 815;
2018-09-19;197.06;195.78;196.22;196.61;1 041 458;204 760 826;
2018-09-18;197.34;194.56;195.60;195.43;754 236;147 406 563;
2018-09-17;198.00;196.42;197.34;197.27;274 075;54 067 017;
2018-09-14;196.72;195.40;196.70;196.36;82 668;16 232 463;
2018-09-13;195.92;194.64;195.48;195.46;205 640;40 193 923;
2018-09-12;196.34;194.42;194.86;195.04;969 725;189 132 321;
2018-09-11;195.62;193.86;195.00;194.23;1 653 912;321 269 147;
2018-09-10;196.28;194.26;195.82;195.59;1 117 169;218 439 720;
2018-09-07;196.84;194.06;194.72;195.49;1 777 445;347 738 444;
2018-09-06;198.40;196.06;196.96;197.47;855 354;168 905 563;
2018-09-05;197.94;196.80;197.18;197.43;1 274 051;251 531 669;
2018-09-04;200.05;197.32;198.40;198.76;1 034 884;205 548 926;
2018-09-03;200.45;199.68;200.00;200.06;344 428;68 906 863;
2018-08-31;201.25;199.82;199.82;200.29;729 335;146 075 373;
2018-08-30;202.05;201.15;201.75;201.62;7 957 631;1 604 407 652;
2018-08-29;202.05;201.00;202.05;201.65;119 351;24 066 565;
2018-08-28;201.15;200.40;201.00;200.86;289 219;58 092 238;
2018-08-27;200.35;198.74;200.20;199.65;376 274;75 121 522;
2018-08-24;198.36;197.78;198.10;198.05;296 477;58 718 349;
2018-08-23;198.50;197.70;197.76;198.04;320 055;63 384 546;
2018-08-22;198.00;196.88;197.80;197.53;103 674;20 478 779;
2018-08-21;197.40;196.60;197.28;197.12;25 076;4 943 082;
2018-08-20;196.50;195.00;196.16;195.79;98 887;19 361 339;
2018-08-17;195.28;193.68;195.28;194.76;279 391;54 415 298;
2018-08-16;194.08;192.74;194.08;193.12;146 032;28 201 764;
2018-08-15;194.78;191.50;191.60;192.54;813 342;156 577 539;
2018-08-14;195.04;192.90;193.36;193.45;934 799;180 750 124;
2018-08-13;194.40;193.52;194.26;193.88;267 326;51 828 437;
2018-08-10;195.42;194.18;194.76;194.74;149 865;29 185 296;
2018-08-09;196.32;194.96;196.32;195.55;321 112;62 793 120;
2018-08-08;195.34;194.34;195.34;194.86;385 834;75 241 358;
2018-08-07;195.06;193.98;194.74;194.64;1 034 654;201 384 511;
2018-08-06;194.50;192.94;193.34;193.35;1 150 808;222 511 679;
2018-08-03;194.28;192.98;193.98;193.86;138 619;26 873 204;
2018-08-02;193.00;191.62;192.64;192.45;63 814;12 280 692;
2018-08-01;195.00;193.94;193.98;194.31;617 038;119 893 702;
2018-07-31;194.72;193.80;194.68;194.26;513 784;99 821 383;
2018-07-30;194.40;193.38;193.84;193.87;158 844;30 795 814;
2018-07-27;194.32;193.68;194.08;193.99;762 539;147 922 570;
2018-07-26;193.68;192.74;193.68;193.17;268 975;51 959 142;
2018-07-25;193.06;191.74;192.00;192.78;1 198 183;230 841 657;
2018-07-24;193.08;190.74;192.54;191.62;332 995;63 807 328;
2018-07-23;190.48;189.38;190.30;190.08;197 518;37 543 834;
2018-07-20;191.30;188.98;190.18;189.56;202 998;38 480 132;
2018-07-19;191.20;189.00;190.56;190.16;1 118 460;212 683 235;
2018-07-18;189.30;188.00;189.12;189.05;385 474;72 874 675;
2018-07-17;188.56;186.76;187.52;187.59;652 975;122 494 714;
2018-07-16;187.12;185.96;187.02;186.82;74 588;13 934 503;
2018-07-13;186.94;185.94;186.68;186.50;88 282;16 464 589;
2018-07-12;185.78;183.40;185.56;184.83;245 193;45 346 408;
2018-07-11;185.42;183.60;183.94;184.05;292 675;53 867 547;
2018-07-10;186.66;185.44;186.34;186.22;70 233;13 078 803;
2018-07-09;185.44;183.84;185.34;185.02;25 201;4 662 753;
2018-07-06;184.00;181.98;183.10;183.15;406 429;74 425 175;
2018-07-05;184.70;183.16;183.84;183.78;1 498 944;275 473 852;
2018-07-04;185.24;183.18;183.34;183.58;1 146 967;210 560 005;
2018-07-03;186.28;185.00;185.24;185.71;580 012;107 714 160;
2018-07-02;186.20;184.50;185.12;185.00;402 593;74 479 519;
2018-06-29;187.78;183.62;187.78;186.72;671 718;125 421 811;
2018-06-28;185.54;183.00;184.38;183.80;757 176;139 167 786;
2018-06-27;186.50;182.34;185.50;185.30;2 264 478;419 783 589;
2018-06-26;185.14;183.82;183.98;184.52;325 767;60 111 916;
2018-06-25;186.66;184.86;184.88;185.86;1 490 865;277 090 761;
2018-06-21;189.80;186.40;186.66;187.43;2 664 643;499 433 858;
2018-06-20;190.42;188.56;189.32;189.44;966 054;183 012 417;
2018-06-19;188.42;185.60;188.32;187.63;229 080;42 971 268;
2018-06-18;188.60;186.58;187.50;187.30;494 833;92 681 234;
2018-06-15;190.86;188.80;189.28;189.45;339 849;64 383 530;
2018-06-14;191.28;187.44;191.28;190.21;371 017;70 571 817;
2018-06-13;189.40;187.90;188.80;188.44;368 104;69 365 696;
2018-06-12;189.54;188.58;189.52;189.19;416 714;78 839 141;
2018-06-11;188.96;187.22;188.96;188.15;1 114 676;209 731 077;
2018-06-08;187.92;185.76;187.18;187.24;1 372 467;256 977 148;
2018-06-07;189.46;186.80;187.18;187.54;1 184 708;222 184 797;
2018-06-05;189.06;187.84;188.04;188.30;920 222;173 274 091;
2018-06-04;189.96;188.04;188.40;188.47;622 084;117 242 171;
2018-06-01;189.10;186.86;188.76;188.04;351 161;66 032 557;
2018-05-31;189.08;186.00;186.00;187.22;801 482;150 056 454;
2018-05-30;189.50;187.72;187.96;188.65;1 050 095;198 100 065;
2018-05-29;189.74;187.36;189.24;188.77;696 219;131 426 135;
2018-05-28;192.24;190.00;190.60;191.36;492 884;94 304 541;
2018-05-25;192.50;190.96;191.10;191.34;29 790;5 699 892;
2018-05-24;194.20;191.24;192.06;192.51;588 716;113 332 619;
2018-05-23;195.04;192.36;192.94;193.06;900 867;173 924 058;
2018-05-22;196.38;194.58;195.48;195.38;593 765;115 986 601;
2018-05-21;196.62;195.48;195.48;195.90;594 215;116 408 217;
2018-05-18;195.68;194.60;195.02;195.12;447 880;87 425 945;
2018-05-17;194.70;192.68;194.60;193.44;349 139;67 537 612;
2018-05-16;193.16;191.66;192.46;192.56;554 042;106 684 079;
2018-05-15;193.46;191.44;193.46;192.89;1 722 648;332 275 442;
2018-05-14;193.30;191.64;192.28;192.06;669 019;128 489 524;
2018-05-11;194.82;192.44;192.62;192.94;659 238;127 194 993;
2018-05-09;195.16;192.54;194.44;194.30;729 820;141 806 416;
2018-05-08;192.66;190.86;192.58;191.95;1 549 698;297 462 863;
2018-05-07;191.98;189.10;191.98;190.29;331 699;63 118 358;
2018-05-04;189.02;187.86;189.02;188.70;477 003;90 011 341;
2018-05-03;190.54;187.70;188.06;188.85;924 173;174 394 284;
2018-05-02;190.84;189.00;190.70;190.32;1 146 242;218 154 047;
2018-04-30;189.70;188.16;188.16;188.66;772 168;145 691 869;
2018-04-27;189.62;188.18;189.26;189.07;1 993 185;376 905 114;
2018-04-26;188.48;185.96;187.92;187.99;1 505 260;282 938 502;
2018-04-25;186.44;184.80;186.12;185.63;1 691 649;313 947 461;
2018-04-24;190.02;187.76;187.90;189.52;442 349;83 832 089;
2018-04-23;189.06;187.50;188.94;188.59;433 850;81 820 646;
2018-04-20;188.24;187.16;187.88;187.80;1 304 619;245 004 493;
2018-04-19;186.50;185.28;185.82;185.98;957 974;178 166 219;
2018-04-18;185.80;180.04;185.04;184.89;731 382;135 221 765;
2018-04-17;184.74;182.62;184.42;183.62;805 683;147 938 561;
2018-04-16;182.92;181.80;181.84;182.57;268 942;49 101 754;
2018-04-13;182.70;180.90;181.84;181.93;341 811;62 185 886;
2018-04-12;181.00;179.08;180.64;179.96;479 639;86 317 957;
2018-04-11;181.00;178.56;179.38;179.72;185 675;33 368 764;
2018-04-10;181.36;179.76;181.36;181.06;569 972;103 198 113;
2018-04-09;181.40;178.50;179.40;179.40;237 316;42 574 253;
2018-04-06;181.00;179.28;179.38;179.69;436 307;78 397 953;
2018-04-05;180.96;179.16;180.94;180.01;399 731;71 955 392;
2018-04-04;178.96;175.58;177.14;176.78;543 600;96 097 945;
2018-04-03;180.10;178.08;178.84;178.99;245 273;43 902 209;
2018-03-29;181.84;179.40;181.50;179.94;300 247;54 025 677;
2018-03-28;178.66;175.62;178.48;177.25;802 679;142 271 780;
2018-03-27;180.58;177.00;179.12;178.82;1 599 841;286 138 310;
2018-03-26;179.10;176.16;176.66;178.21;190 490;33 948 047;
2018-03-23;179.30;176.08;178.10;178.03;629 935;112 144 430;
2018-03-22;180.90;177.28;177.92;179.55;991 425;178 007 946;
2018-03-21;181.64;180.70;181.58;181.29;257 399;46 664 673;
2018-03-20;182.16;180.62;181.60;181.36;302 941;54 940 762;
2018-03-19;184.02;181.06;181.24;182.32;346 479;63 171 535;
2018-03-16;185.30;184.16;184.36;184.46;220 322;40 640 596;
2018-03-15;185.20;183.84;185.04;184.46;718 806;132 591 226;
2018-03-14;186.00;183.86;184.60;185.19;477 557;88 441 057;
2018-03-13;186.58;183.34;183.86;185.07;504 677;93 402 640;
2018-03-12;186.30;184.98;185.24;185.51;737 186;136 747 702;
2018-03-09;185.24;183.88;185.02;184.79;280 754;51 881 365;
2018-03-08;184.40;182.12;184.40;183.60;110 880;20 357 133;
2018-03-07;181.92;179.98;181.92;181.11;1 213 051;219 696 510;
2018-03-06;182.44;181.24;181.52;181.73;240 593;43 722 485;
2018-03-05;179.98;177.18;179.98;179.43;320 284;57 469 300;
2018-03-02;180.60;177.36;177.38;178.39;425 144;75 806 811;
2018-03-01;183.78;181.66;181.66;182.21;138 409;25 219 285;
2018-02-28;185.20;183.86;184.42;184.41;164 001;30 244 222;
2018-02-27;185.60;184.22;184.66;184.46;73 876;13 627 284;
2018-02-26;185.04;184.12;184.52;184.57;32 710;6 037 262;
2018-02-23;183.68;182.60;183.50;183.41;63 841;11 709 160;
2018-02-22;183.00;181.02;183.00;181.53;172 736;31 357 496;
2018-02-21;183.46;181.12;182.96;181.94;1 638 893;297 846 711;
2018-02-20;182.36;180.42;182.32;181.05;149 104;26 995 434;
2018-02-19;181.76;180.10;180.30;180.66;567 752;102 570 719;
2018-02-16;181.00;179.94;180.92;180.49;243 930;44 026 276;
2018-02-15;180.30;178.50;179.02;179.52;424 684;76 240 331;
2018-02-14;178.14;175.00;177.94;177.24;1 271 823;225 419 773;
2018-02-13;177.32;175.90;175.96;176.30;199 704;35 207 191;
2018-02-12;177.90;176.08;176.90;176.74;309 405;54 685 680;
2018-02-09;176.98;174.22;174.22;175.81;634 846;111 610 545;
2018-02-08;180.00;176.90;176.92;177.90;265 595;47 249 998;
2018-02-07;180.68;176.06;179.94;178.41;1 209 563;215 839 614;
2018-02-06;178.32;172.54;175.82;176.47;1 345 003;237 145 444;
2018-02-05;183.08;179.66;179.76;181.30;2 318 598;420 361 323;
2018-02-02;185.92;183.92;184.30;184.37;662 850;122 210 807;
2018-02-01;187.16;185.84;186.16;186.58;1 282 405;239 267 734;
2018-01-31;187.20;185.02;185.06;185.77;502 752;93 394 133;
2018-01-30;187.26;186.16;186.26;186.65;121 420;22 663 376;
2018-01-29;188.24;187.04;187.24;187.71;191 004;35 853 854;
2018-01-26;187.64;186.22;187.54;187.20;860 605;161 101 620;
2018-01-25;188.50;186.12;186.38;186.99;2 150 312;402 094 984;
2018-01-24;191.14;189.38;189.66;189.91;952 465;180 881 017;
2018-01-23;191.46;190.44;190.92;191.01;1 002 295;191 444 881;
2018-01-22;190.48;189.34;189.92;189.91;362 139;68 775 299;
2018-01-19;189.60;188.98;189.20;189.39;336 536;63 742 775;
2018-01-18;189.56;188.44;188.64;189.07;674 830;127 589 462;
2018-01-17;189.46;187.82;188.60;188.94;859 943;162 475 863;
2018-01-16;189.46;188.50;188.80;188.95;1 512 219;285 725 767;
2018-01-15;189.58;188.70;189.16;189.14;429 598;81 252 435;
2018-01-12;189.90;188.54;189.12;188.88;1 029 505;194 351 687;
2018-01-11;189.90;188.50;189.90;189.13;684 796;129 514 182;
2018-01-10;189.38;188.62;189.30;189.12;1 024 648;193 777 329;
2018-01-09;189.98;188.40;189.74;189.61;1 702 491;322 672 936;
2018-01-08;188.46;187.74;188.18;188.16;2 243 952;422 219 820;
2018-01-05;187.22;186.68;187.00;187.02;441 372;82 545 295;
2018-01-04;186.80;185.18;186.52;186.26;883 847;164 627 167;
2018-01-03;184.94;183.40;184.34;184.01;748 115;137 659 581;
2018-01-02;184.02;182.90;183.40;183.47;398 353;73 087 087;
2017-12-29;184.75;182.65;182.65;183.75;171 418;31 502 485;
2017-12-28;188.00;184.05;184.75;184.78;437 641;80 769 663;
2017-12-27;187.60;184.85;185.25;185.50;299 755;55 604 618;
2017-12-22;187.75;186.25;186.55;187.06;107 198;20 052 233;
2017-12-21;188.00;185.10;187.85;186.65;534 031;99 678 153;
2017-12-20;187.50;185.75;185.75;186.53;972 671;181 431 882;
2017-12-19;188.35;187.15;187.30;187.84;946 219;177 736 914;
2017-12-18;187.90;185.75;187.90;187.58;641 524;120 338 912;
2017-12-15;187.00;184.40;185.10;185.06;716 863;132 657 377;
2017-12-14;188.50;187.10;187.25;187.89;1 001 083;188 097 992;
2017-12-13;188.70;187.60;188.25;188.01;656 684;123 462 423;
2017-12-12;188.95;187.65;188.40;188.64;1 061 877;200 354 780;
2017-12-11;189.25;187.35;188.15;188.60;1 840 431;347 107 284;
2017-12-08;188.95;187.30;187.30;187.96;683 779;128 523 792;
2017-12-07;186.90;185.85;185.90;186.53;2 825 424;527 029 985;
2017-12-06;186.15;185.00;185.85;185.55;1 814 285;336 643 149;
2017-12-05;188.40;186.85;187.70;187.81;720 146;135 277 554;
2017-12-04;188.85;186.10;188.20;188.07;921 256;173 256 418;
2017-12-01;187.20;185.10;185.50;186.17;457 771;85 218 186;
2017-11-30;188.70;187.10;187.50;187.93;421 519;79 205 531;
2017-11-29;189.35;187.55;187.55;188.57;191 931;36 193 219;
2017-11-28;188.60;187.25;188.40;188.10;301 958;56 798 908;
2017-11-27;188.15;186.85;187.35;187.78;714 220;134 116 936;
2017-11-24;188.40;186.70;187.65;187.79;2 243 314;421 266 932;
2017-11-23;187.90;187.00;187.55;187.62;230 065;43 165 556;
2017-11-22;190.20;188.15;188.15;189.47;997 789;189 036 661;
2017-11-21;190.70;188.20;190.45;189.57;1 684 449;318 970 556;
2017-11-20;189.00;187.05;188.75;188.60;2 174 593;410 192 383;
2017-11-17;189.85;187.65;187.90;188.33;1 336 309;251 663 093;
2017-11-16;190.35;188.95;190.00;189.78;1 746 103;331 401 618;
2017-11-15;189.20;187.55;189.20;188.21;515 101;96 946 181;
2017-11-14;190.15;188.65;189.00;189.04;534 809;101 100 504;
2017-11-13;189.90;188.10;189.55;189.04;757 709;143 239 300;
2017-11-10;191.10;189.60;189.75;190.13;387 795;73 731 515;
2017-11-09;192.95;190.50;190.80;191.06;565 378;108 018 711;
2017-11-08;194.15;192.40;192.95;193.12;342 143;66 076 322;
2017-11-07;195.20;193.90;194.05;194.88;542 732;105 765 999;
2017-11-06;195.15;194.10;194.75;194.52;624 439;121 462 860;
2017-11-03;194.80;194.40;194.70;194.62;452 626;88 089 708;
2017-11-02;194.25;193.40;194.15;193.94;136 696;26 510 625;
2017-11-01;195.05;193.95;193.95;194.50;828 892;161 230 500;
2017-10-31;194.40;193.40;194.10;193.89;363 054;70 393 633;
2017-10-30;193.50;192.70;192.80;192.84;189 981;36 636 053;
2017-10-27;193.40;192.50;193.05;193.02;794 960;153 449 255;
2017-10-26;192.40;190.30;191.95;191.45;201 391;38 555 774;
2017-10-25;192.15;190.50;191.10;191.63;300 513;57 587 185;
2017-10-24;192.50;190.90;191.60;191.39;950 726;181 962 599;
2017-10-23;193.60;192.60;192.95;193.06;1 031 837;199 176 396;
2017-10-20;193.65;191.85;192.90;193.12;519 978;100 417 430;
2017-10-19;190.80;189.50;190.80;190.24;910 481;173 208 633;
2017-10-18;190.75;189.30;190.35;190.47;1 956 557;372 671 109;
2017-10-17;190.10;189.65;189.85;189.77;872 377;165 553 679;
2017-10-16;190.50;189.70;189.95;189.94;34 071;6 471 451;
2017-10-13;190.50;189.95;190.40;190.33;54 617;10 395 284;
2017-10-12;191.15;189.80;190.55;190.48;504 978;96 194 178;
2017-10-11;190.75;189.80;190.25;190.21;138 094;26 266 974;
2017-10-10;191.05;190.30;190.35;190.57;320 797;61 135 224;
2017-10-09;191.65;190.90;191.05;191.24;52 680;10 074 678;
2017-10-06;191.65;190.40;190.75;190.89;266 675;50 905 114;
2017-10-05;191.85;190.85;191.45;191.53;402 630;77 116 351;
2017-10-04;191.30;190.70;191.30;190.94;200 914;38 361 543;
2017-10-03;191.25;190.20;191.15;191.02;733 200;140 057 724;
2017-10-02;190.20;189.50;190.15;189.85;480 469;91 217 561;
2017-09-29;189.80;187.85;189.75;188.96;643 773;121 687 293;
2017-09-28;188.50;187.70;188.40;188.22;320 183;60 265 507;
2017-09-27;188.75;187.05;188.30;187.64;199 513;37 478 252;
2017-09-26;187.10;185.75;186.70;186.67;525 962;98 210 684;
2017-09-25;186.30;185.20;185.65;185.97;280 244;52 120 022;
2017-09-22;185.45;184.50;185.35;185.10;235 887;43 662 585;
2017-09-21;185.15;183.90;185.05;184.45;645 215;118 989 461;
2017-09-20;184.00;183.50;183.85;183.75;209 377;38 472 733;
2017-09-19;183.75;183.10;183.70;183.44;59 611;10 934 906;
2017-09-18;183.70;182.90;183.30;183.23;1 034 071;189 478 122;
2017-09-15;184.15;182.65;182.75;183.26;687 999;126 025 433;
2017-09-14;183.85;182.90;183.85;183.27;344 655;63 189 679;
2017-09-13;183.05;182.55;182.80;182.75;124 512;22 754 630;
2017-09-12;183.05;182.25;183.00;182.71;160 433;29 313 164;
2017-09-11;182.15;181.00;182.00;181.83;198 233;36 044 459;
2017-09-08;179.80;179.10;179.65;179.50;128 699;23 103 064;
2017-09-07;179.90;178.25;179.70;179.11;103 839;18 626 344;
2017-09-06;178.90;177.85;178.25;178.62;630 160;112 540 725;
2017-09-05;180.00;178.95;179.25;179.32;669 154;119 993 819;
2017-09-04;179.90;179.25;179.80;179.77;211 028;37 935 513;
2017-09-01;180.75;179.90;180.65;180.51;138 716;25 039 367;
2017-08-31;179.50;178.25;179.00;179.16;143 518;25 713 059;
2017-08-30;178.00;176.90;177.70;177.38;119 525;21 200 941;
2017-08-29;176.75;175.70;176.45;176.30;366 622;64 636 902;
2017-08-28;178.70;177.50;178.00;177.99;56 963;10 138 967;
2017-08-25;179.55;178.15;178.50;179.11;236 786;42 411 270;
2017-08-24;178.95;178.15;178.15;178.65;42 163;7 532 228;
2017-08-23;179.00;178.25;178.30;178.50;202 705;36 182 773;
2017-08-22;178.75;177.20;178.50;178.34;296 362;52 852 467;
2017-08-21;177.00;175.85;176.40;176.56;418 025;73 808 453;
2017-08-18;177.35;176.55;177.30;176.78;474 477;83 888 311;
2017-08-17;179.65;178.20;178.55;178.96;101 095;18 092 246;
2017-08-16;180.10;179.25;179.95;179.69;54 945;9 872 838;
2017-08-15;180.60;178.65;178.65;179.45;76 911;13 801 505;
2017-08-14;180.15;179.20;180.15;179.84;20 548;3 695 423;
2017-08-11;179.35;177.80;178.35;178.52;652 065;116 408 971;
2017-08-10;181.55;180.20;180.25;180.79;155 576;28 126 323;
2017-08-09;182.20;180.95;181.95;181.37;396 710;71 952 544;
2017-08-08;183.25;181.90;183.25;182.82;133 019;24 318 413;
2017-08-07;182.80;181.60;182.40;182.21;58 127;10 591 332;
2017-08-04;182.40;180.25;182.00;181.20;1 156 102;209 193 498;
2017-08-03;181.45;180.05;180.50;180.87;68 552;12 399 103;
2017-08-02;182.20;180.50;180.90;181.07;303 958;55 037 049;
2017-08-01;181.65;179.45;181.50;181.41;420 772;76 330 329;
2017-07-31;180.70;179.20;179.20;180.08;657 814;118 459 023;
2017-07-28;181.45;179.55;180.45;180.35;463 215;83 540 327;
2017-07-27;183.05;181.80;181.80;182.24;864 279;157 491 543;
2017-07-26;183.15;181.00;183.05;182.30;1 041 233;189 902 055;
2017-07-25;182.30;181.60;181.65;182.00;1 183 638;215 448 377;
2017-07-24;183.40;181.55;181.60;181.89;383 313;69 719 160;
2017-07-21;184.90;182.35;183.15;183.47;2 473 600;453 961 004;
2017-07-20;186.70;184.45;185.00;185.35;227 587;42 184 302;
2017-07-19;186.65;184.50;186.40;185.04;771 047;142 672 617;
2017-07-18;188.95;185.80;186.15;187.20;463 663;86 797 765;
2017-07-17;191.20;188.70;189.60;190.22;103 162;19 623 944;
2017-07-14;191.00;190.00;190.50;190.61;35 492;6 765 038;
2017-07-13;191.05;190.00;190.00;190.64;783 326;149 295 031;
2017-07-12;191.05;188.30;190.90;189.96;332 429;63 148 494;
2017-07-11;188.80;187.60;187.80;188.30;292 079;54 995 677;
2017-07-10;188.40;187.60;188.10;188.07;108 974;20 494 850;
2017-07-07;187.80;186.90;187.05;187.19;147 058;27 527 491;
2017-07-06;188.25;186.30;187.45;187.17;366 719;68 639 759;
2017-07-05;188.60;187.00;188.25;188.00;348 439;65 507 520;
2017-07-04;188.30;187.25;187.90;188.04;364 248;68 491 785;
2017-07-03;188.50;186.55;188.35;187.42;144 376;27 058 913;
2017-06-30;187.55;185.80;185.80;186.71;288 096;53 791 589;
2017-06-29;190.10;186.75;186.75;187.45;347 381;65 118 186;
2017-06-28;188.65;186.60;188.55;188.08;162 249;30 516 289;
2017-06-27;190.05;188.60;188.75;189.28;123 428;23 361 940;
2017-06-26;191.50;190.00;190.25;190.99;124 613;23 800 029;
2017-06-22;190.40;189.30;190.25;190.05;197 823;37 596 686;
2017-06-21;190.45;188.80;189.85;189.51;132 273;25 066 635;
2017-06-20;192.05;190.95;191.00;191.46;193 687;37 083 807;
2017-06-19;191.65;190.45;191.40;191.23;291 028;55 653 330;
2017-06-16;190.00;188.65;189.30;189.31;167 064;31 625 798;
2017-06-15;189.35;187.25;187.95;187.58;456 948;85 694 223;
2017-06-14;191.80;189.85;190.30;190.83;1 236 394;235 861 387;
2017-06-13;191.40;189.90;190.65;190.90;1 163 340;222 064 874;
2017-06-12;191.50;188.35;189.75;189.76;725 983;137 763 037;
2017-06-09;191.80;190.35;191.75;191.19;1 541 470;294 735 381;
2017-06-08;191.20;190.05;190.35;190.56;471 312;89 815 190;
2017-06-07;190.80;188.95;190.45;190.34;667 746;127 076 598;
2017-06-05;190.90;189.60;189.75;189.94;1 013 977;192 594 929;
2017-06-02;191.75;190.50;190.50;191.00;540 129;103 164 481;
2017-06-01;190.65;189.40;190.05;190.23;812 145;154 491 628;
2017-05-31;191.05;189.45;190.00;190.37;448 332;85 346 998;
2017-05-30;189.85;188.05;189.80;189.26;1 044 743;197 726 603;
2017-05-29;189.45;188.75;188.75;188.98;66 637;12 593 220;
2017-05-26;189.70;188.40;189.15;189.22;522 094;98 786 551;
2017-05-24;189.85;189.20;189.55;189.65;270 893;51 375 431;
2017-05-23;189.90;188.65;189.90;189.53;522 775;99 082 830;
2017-05-22;189.25;188.25;188.70;188.63;337 680;63 698 235;
2017-05-19;188.85;187.35;188.50;187.89;2 814 930;528 998 307;
2017-05-18;188.50;185.85;187.10;187.80;287 073;53 912 463;
2017-05-17;190.85;188.10;188.40;189.16;641 403;121 330 379;
2017-05-16;191.95;191.00;191.35;191.30;1 744 994;333 811 612;
2017-05-15;191.10;190.60;191.00;190.88;1 087 023;207 496 296;
2017-05-12;190.85;190.10;190.75;190.37;2 099 446;399 789 525;
2017-05-11;190.80;189.80;190.10;190.34;1 185 843;225 710 142;
2017-05-10;190.60;189.80;190.50;190.47;757 588;144 297 284;
2017-05-09;191.00;189.45;190.65;190.73;1 274 363;243 062 336;
2017-05-08;189.80;188.25;189.30;188.77;485 428;91 633 089;
2017-05-05;189.60;188.60;189.30;189.12;1 263 957;239 033 431;
2017-05-04;189.45;188.55;188.95;188.97;816 427;154 225 880;
2017-05-03;188.40;187.50;188.25;187.81;706 657;132 715 583;
2017-05-02;188.50;186.20;188.40;188.05;666 239;125 285 606;
2017-04-28;187.55;186.35;187.35;186.91;1 139 843;213 061 363;
2017-04-27;186.55;185.95;186.20;186.34;1 080 869;201 430 410;
2017-04-26;186.35;185.15;186.35;185.94;724 960;134 801 649;
2017-04-25;186.20;184.55;185.75;185.83;1 677 596;311 748 397;
2017-04-24;184.80;183.00;184.50;184.28;1 005 768;185 342 383;
2017-04-21;181.40;180.05;180.75;181.02;861 755;155 981 779;
2017-04-20;180.55;179.05;180.20;180.20;868 147;156 428 432;
2017-04-19;180.20;178.20;179.60;179.35;76 163;13 659 759;
2017-04-18;180.80;178.10;178.60;178.47;657 552;117 351 252;
2017-04-13;181.05;180.20;180.30;180.39;244 862;44 169 818;
2017-04-12;181.85;180.75;180.80;181.23;604 539;109 562 913;
2017-04-11;181.00;179.70;180.20;180.52;430 990;77 801 998;
2017-04-10;180.95;179.85;180.50;180.46;849 231;153 249 692;
2017-04-07;180.05;178.50;180.05;179.03;291 747;52 231 949;
2017-04-06;179.50;177.20;179.45;179.17;920 916;165 004 881;
2017-04-05;179.50;178.40;178.40;179.12;825 443;147 912 938;
2017-04-04;180.35;178.85;179.00;179.79;186 189;33 475 024;
2017-04-03;181.95;179.55;179.75;180.39;1 165 932;210 307 453;
2017-03-31;181.90;179.50;181.80;180.35;2 230 007;402 192 071;
2017-03-30;180.45;179.10;180.45;179.82;488 228;87 792 116;
2017-03-29;180.00;178.90;179.40;179.42;409 492;73 470 530;
2017-03-28;178.80;177.45;178.60;178.04;192 592;34 288 332;
2017-03-27;178.30;176.00;178.30;176.86;564 018;99 750 012;
2017-03-24;178.90;177.95;178.45;178.61;372 415;66 518 530;
2017-03-23;178.85;176.55;178.85;177.64;578 036;102 681 828;
2017-03-22;176.85;175.35;176.50;176.20;504 993;88 980 019;
2017-03-21;179.55;177.40;177.50;178.50;1 842 664;328 823 502;
2017-03-20;179.45;178.15;179.10;179.22;1 662 202;297 816 095;
2017-03-17;179.45;178.30;179.05;178.94;508 042;90 910 519;
2017-03-16;180.00;178.05;178.45;178.65;2 515 378;449 571 461;
2017-03-15;178.50;177.75;178.30;178.33;1 330 168;237 209 939;
2017-03-14;179.05;177.00;178.15;178.00;537 006;95 584 714;
2017-03-13;179.60;178.20;179.00;178.98;1 262 095;225 889 159;
2017-03-10;179.10;177.95;178.25;178.63;406 629;72 634 680;
2017-03-09;178.10;176.75;177.90;177.57;1 187 038;210 778 757;
2017-03-08;177.80;176.95;177.10;177.35;483 122;85 692 417;
2017-03-07;177.20;176.10;176.95;176.99;1 115 978;197 518 863;
2017-03-06;177.40;176.50;177.20;177.06;325 746;57 675 049;
2017-03-03;178.00;176.90;177.40;177.54;155 633;27 630 333;
2017-03-02;179.05;177.30;177.45;178.11;1 356 008;241 525 186;
2017-03-01;179.10;177.15;178.60;178.54;318 641;56 891 606;
2017-02-28;176.70;175.70;176.55;176.33;982 851;173 237 571;
2017-02-27;177.10;175.45;175.95;175.92;168 425;29 631 159;
2017-02-24;178.55;175.60;176.50;176.80;1 008 858;178 366 597;
2017-02-23;179.10;177.90;178.65;178.50;1 224 389;218 553 421;
2017-02-22;179.00;177.45;177.50;177.95;304 638;54 210 473;
2017-02-21;178.90;176.50;178.85;178.23;1 745 858;310 873 498;
2017-02-20;177.80;177.10;177.25;177.38;670 311;118 902 633;
2017-02-17;177.10;176.10;176.85;176.35;1 285 392;226 762 732;
2017-02-16;177.50;176.60;177.05;176.93;259 940;45 990 311;
2017-02-15;177.10;176.05;176.70;176.75;441 462;78 027 333;
2017-02-14;176.60;175.55;176.20;176.13;1 200 326;211 411 034;
2017-02-13;176.45;175.65;176.30;176.34;828 638;146 124 902;
2017-02-10;176.10;174.75;175.20;175.21;526 363;92 222 231;
2017-02-09;174.70;173.50;174.70;174.20;484 200;84 343 917;
2017-02-08;174.25;173.00;173.90;173.85;582 612;101 287 571;
2017-02-07;175.20;173.60;174.45;174.65;450 105;78 603 579;
2017-02-06;175.00;173.80;173.90;174.47;143 765;25 082 716;
2017-02-03;175.15;174.10;174.85;174.72;737 795;128 908 177;
2017-02-02;174.50;173.50;174.40;173.95;634 020;110 289 734;
2017-02-01;174.50;173.35;173.85;174.02;1 075 562;187 165 373;
2017-01-31;173.80;172.30;172.75;173.16;912 915;158 076 119;
2017-01-30;175.45;171.40;171.70;172.03;273 324;47 021 103;
2017-01-27;174.20;172.50;172.50;172.93;912 091;157 706 736;
2017-01-26;175.60;174.25;174.25;174.52;1 624 430;283 501 103;
2017-01-25;173.55;171.90;173.55;173.21;511 353;88 573 066;
2017-01-24;170.90;169.20;170.90;170.57;998 179;170 259 583;
2017-01-23;170.50;168.80;169.00;169.48;42 502;7 203 244;
2017-01-20;171.60;169.60;171.55;170.83;544 119;92 951 165;
2017-01-19;170.95;169.50;170.10;170.00;1 160 930;197 454 738;
2017-01-18;170.15;168.85;170.15;169.29;1 035 980;175 378 168;
2017-01-17;170.00;168.40;169.10;169.15;1 813 351;306 593 995;
2017-01-16;170.25;169.70;169.90;169.92;985 982;167 548 259;
2017-01-13;170.70;169.10;170.60;169.70;230 577;39 128 447;
2017-01-12;169.90;168.40;168.40;169.33;1 764 489;298 703 796;
2017-01-11;170.40;168.50;170.10;169.81;1 653 520;280 787 568;
2017-01-10;170.30;169.20;169.55;169.67;2 292 609;388 990 347;
2017-01-09;171.30;168.95;169.65;169.34;1 017 403;172 288 881;
2017-01-05;171.80;170.85;171.10;171.09;880 942;150 682 632;
2017-01-04;173.00;171.45;171.75;171.71;559 676;96 102 673;
2017-01-03;172.95;171.35;172.25;172.05;424 247;72 992 717;
2017-01-02;171.85;169.85;171.60;171.22;302 250;51 751 216;
2016-12-30;170.75;169.70;170.75;170.18;709 061;120 667 864;
2016-12-29;171.20;170.20;170.35;170.57;1 348 657;230 044 597;
2016-12-28;172.10;171.45;171.50;171.81;97 763;16 796 579;
2016-12-27;172.40;171.50;172.00;172.05;137 348;23 630 290;
2016-12-23;171.60;170.95;171.20;171.23;92 421;15 824 812;
2016-12-22;171.10;170.30;170.45;170.77;89 138;15 221 954;
2016-12-21;172.55;170.90;171.30;171.69;643 208;110 431 560;
2016-12-20;173.85;172.35;172.40;172.67;1 526 528;263 568 592;
2016-12-19;174.40;172.50;173.35;173.52;1 412 456;245 073 497;
2016-12-16;175.10;173.45;174.10;174.06;1 443 327;251 224 546;
2016-12-15;174.20;172.15;174.20;173.42;307 186;53 273 083;
2016-12-14;174.00;172.85;172.85;173.69;809 678;140 633 205;
2016-12-13;174.15;172.50;174.15;173.31;225 394;39 063 914;
2016-12-12;173.10;171.80;173.00;172.42;3 638 122;627 301 233;
2016-12-09;172.75;170.15;172.45;172.04;1 195 511;205 736 373;
2016-12-08;170.65;168.80;170.55;169.91;1 314 859;223 401 387;
2016-12-07;168.85;167.70;168.80;168.09;362 275;60 869 321;
2016-12-06;167.05;166.25;167.05;166.88;822 087;137 182 547;
2016-12-05;167.20;164.40;166.80;166.60;530 941;88 453 490;
2016-12-02;165.20;164.15;164.90;164.46;1 061 982;174 653 911;
2016-12-01;167.00;165.35;165.45;165.94;169 697;28 158 708;
2016-11-30;166.55;165.25;166.35;166.13;310 946;51 658 529;
2016-11-29;166.05;164.25;164.40;165.02;251 943;41 574 669;
2016-11-28;167.15;165.15;165.45;166.19;200 625;33 342 759;
2016-11-25;167.45;166.05;167.30;166.80;174 457;29 098 956;
2016-11-24;167.05;166.10;166.55;166.31;509 188;84 685 324;
2016-11-23;167.10;165.95;166.50;166.89;294 228;49 104 765;
2016-11-22;167.30;166.20;166.60;166.88;69 379;11 577 920;
2016-11-21;166.45;164.70;165.95;165.90;417 656;69 286 611;
2016-11-18;166.10;164.95;165.55;165.50;355 881;58 898 346;
2016-11-17;165.40;163.40;165.40;164.50;778 507;128 062 162;
2016-11-16;165.50;163.35;163.35;164.45;110 155;18 114 629;
2016-11-15;164.75;162.50;164.75;163.44;461 747;75 466 559;
2016-11-14;164.90;161.50;162.00;162.38;404 500;65 681 019;
2016-11-11;165.05;163.00;163.00;164.28;368 442;60 528 092;
2016-11-10;166.10;163.35;164.00;164.74;2 571 141;423 561 982;
2016-11-09;163.90;156.25;163.50;160.21;2 330 276;372 338 086;
2016-11-08;162.05;160.40;161.95;161.06;786 823;126 728 418;
2016-11-07;161.05;159.20;161.00;160.12;791 429;126 726 076;
2016-11-04;158.85;157.85;157.85;158.07;488 584;77 231 369;
2016-11-03;160.65;159.00;159.75;159.88;266 250;42 568 336;
2016-11-02;161.10;159.15;159.15;160.07;359 120;57 483 722;
2016-11-01;163.50;161.10;161.10;161.79;288 571;46 687 174;
2016-10-31;163.75;162.40;162.40;163.18;553 924;90 389 871;
2016-10-28;164.15;162.25;163.80;163.61;1 474 508;241 238 207;
2016-10-27;163.65;162.50;163.40;163.12;522 958;85 302 622;
2016-10-26;163.65;161.80;163.30;162.32;1 182 291;191 904 931;
2016-10-25;163.75;162.85;162.95;163.51;3 917 621;640 554 719;
2016-10-24;165.30;163.40;163.40;164.66;53 330;8 781 502;
2016-10-21;164.75;163.40;164.15;163.63;1 097 706;179 619 531;
2016-10-20;164.35;162.50;164.05;163.51;768 476;125 649 135;
2016-10-19;163.60;162.50;163.00;162.75;380 940;61 996 710;
2016-10-18;163.45;162.35;163.25;163.13;221 171;36 080 666;
2016-10-17;161.90;160.85;161.35;161.41;88 464;14 279 361;
2016-10-14;162.10;161.00;162.05;161.88;522 124;84 519 204;
2016-10-13;160.95;159.30;159.95;159.83;406 418;64 957 679;
2016-10-12;162.85;161.85;161.85;162.51;580 582;94 317 900;
2016-10-11;164.40;163.20;163.20;164.10;157 035;25 769 186;
2016-10-10;164.35;162.50;164.35;164.03;814 560;133 610 780;
2016-10-07;163.25;161.90;162.65;162.53;290 416;47 200 305;
2016-10-06;163.75;162.85;163.45;163.41;636 142;103 954 254;
2016-10-05;163.00;162.05;162.75;162.53;298 482;48 513 245;
2016-10-04;163.10;161.75;162.90;162.57;466 304;75 807 715;
2016-10-03;162.55;161.00;161.60;161.80;291 587;47 178 631;
2016-09-30;161.00;157.90;160.90;160.39;1 141 302;183 057 161;
2016-09-29;161.65;160.50;160.50;160.91;177 864;28 620 373;
2016-09-28;160.85;159.50;159.75;159.86;683 567;109 275 041;
2016-09-27;160.00;157.35;159.25;158.65;41 310;6 553 697;
2016-09-26;159.95;158.45;158.80;158.98;124 717;19 827 059;
2016-09-23;161.80;160.50;160.80;160.82;1 417 093;227 781 047;
2016-09-22;162.15;159.55;162.10;161.68;377 987;61 114 590;
2016-09-21;160.65;159.15;159.15;159.89;47 741;7 633 120;
2016-09-20;159.55;158.55;158.90;159.27;190 408;30 326 321;
2016-09-19;159.70;158.10;158.80;158.84;63 559;10 095 746;
2016-09-16;158.80;157.30;157.40;157.63;195 955;30 888 357;
2016-09-15;158.80;156.50;158.80;157.83;486 394;76 766 105;
2016-09-14;158.75;157.70;157.85;158.04;152 729;24 136 704;
2016-09-13;160.95;158.10;158.30;158.93;2 744 648;435 562 747;
2016-09-12;158.85;155.90;158.85;157.65;356 576;56 212 821;
2016-09-09;161.30;159.50;159.50;160.54;482 660;77 497 264;
2016-09-08;161.65;160.30;161.05;161.03;1 012 755;163 116 148;
2016-09-07;161.60;160.85;161.25;161.35;1 506 794;243 121 208;
2016-09-06;161.65;160.75;160.85;161.29;1 016 746;163 989 580;
2016-09-05;161.60;161.00;161.15;161.33;509 102;82 132 869;
2016-09-02;160.70;159.00;160.55;159.96;3 965 106;634 246 597;
2016-09-01;160.25;158.65;158.80;159.32;1 884 102;300 167 888;
2016-08-31;160.05;158.80;158.95;159.42;941 706;150 123 459;
2016-08-30;159.50;158.35;159.05;159.21;352 851;56 175 646;
2016-08-29;158.05;157.00;158.05;157.81;168 786;26 635 952;
2016-08-26;158.50;156.65;158.20;157.70;623 494;98 327 496;
2016-08-25;157.95;156.90;157.65;157.61;824 124;129 592 763;
2016-08-24;158.95;157.45;158.35;158.52;1 477 143;234 158 602;
2016-08-23;157.80;156.70;157.60;157.39;243 004;38 247 208;
2016-08-22;157.05;155.60;155.85;156.02;832 766;129 928 589;
2016-08-19;157.40;155.40;156.10;156.04;854 587;133 349 690;
2016-08-18;157.35;156.85;157.30;157.16;357 744;56 223 263;
2016-08-17;158.00;155.75;156.05;156.89;203 973;32 001 994;
2016-08-16;158.55;157.35;157.90;157.71;678 207;106 962 737;
2016-08-15;159.60;157.65;159.15;159.19;319 883;50 921 344;
2016-08-12;159.00;158.15;158.40;158.33;832 794;131 858 504;
2016-08-11;158.70;157.00;158.70;157.83;194 694;30 729 137;
2016-08-10;157.90;157.45;157.45;157.56;414 245;65 266 829;
2016-08-09;157.95;154.85;157.90;156.66;686 960;107 621 408;
2016-08-08;155.50;154.75;155.00;155.13;337 033;52 285 289;
2016-08-05;154.75;153.00;154.70;154.38;153 507;23 698 289;
2016-08-04;153.05;152.00;152.80;152.67;157 852;24 099 157;
2016-08-03;152.45;151.00;151.65;151.54;46 876;7 103 645;
2016-08-02;154.30;152.10;152.45;153.06;67 072;10 265 718;
2016-08-01;156.30;154.05;154.65;154.48;368 710;56 957 106;
2016-07-29;155.75;154.90;155.40;155.42;719 204;111 776 167;
2016-07-28;156.00;154.65;155.15;155.05;322 404;49 983 646;
2016-07-27;156.30;155.30;155.50;155.93;1 418 500;221 190 776;
2016-07-26;155.65;154.25;155.05;155.00;961 990;149 103 809;
2016-07-25;156.45;154.95;155.20;155.87;1 882 957;293 492 047;
2016-07-22;154.95;153.90;154.40;154.27;915 278;141 178 956;
2016-07-21;155.60;154.00;154.95;154.71;864 319;133 720 235;
2016-07-20;155.30;154.00;155.25;154.57;1 062 433;164 216 197;
2016-07-19;154.20;152.40;153.90;153.69;105 538;16 220 274;
2016-07-18;154.60;152.50;153.45;153.21;689 352;105 598 812;
2016-07-15;154.15;152.90;153.75;153.67;56 382;8 664 011;
2016-07-14;153.25;152.10;152.90;152.95;699 581;107 001 463;
2016-07-13;152.60;151.30;151.90;151.97;303 472;46 117 225;
2016-07-12;152.15;151.05;151.50;151.73;463 186;70 239 662;
2016-07-11;151.30;149.30;151.05;150.18;884 184;132 787 155;
2016-07-08;148.45;145.80;148.45;148.12;226 177;33 502 102;
2016-07-07;146.85;144.45;145.95;146.15;1 247 831;182 313 976;
2016-07-06;145.70;142.65;143.60;144.27;966 737;139 466 982;
2016-07-05;148.00;145.50;145.70;146.37;976 361;142 911 356;
2016-07-04;150.35;148.10;148.10;149.02;415 566;61 927 012;
2016-07-01;150.15;148.45;149.90;149.43;473 359;70 568 373;
2016-06-30;147.65;145.50;147.10;146.86;894 245;131 137 237;
2016-06-29;146.30;143.60;146.30;145.31;613 763;89 186 664;
2016-06-28;144.35;142.30;143.40;143.15;437 817;62 624 742;
2016-06-27;144.25;138.80;139.00;142.26;1 889 342;268 786 200;
2016-06-23;152.80;150.85;152.30;151.79;436 914;66 356 163;
2016-06-22;151.85;149.95;151.45;151.42;280 056;42 406 818;
2016-06-21;150.50;149.20;150.35;149.71;1 494 314;223 669 525;
2016-06-20;150.05;147.00;150.05;149.27;238 839;35 647 088;
2016-06-17;145.25;143.15;145.20;144.82;532 428;77 106 733;
2016-06-16;144.25;142.15;142.70;143.43;855 668;122 727 687;
2016-06-15;146.20;143.50;146.20;144.78;1 656 961;239 727 996;
2016-06-14;144.00;142.10;142.95;142.57;4 662 839;665 072 342;
2016-06-13;146.15;144.40;145.20;145.15;179 604;26 068 828;
2016-06-10;150.25;147.00;147.20;147.63;604 845;89 290 971;
2016-06-09;152.20;150.45;150.65;151.13;101 204;15 295 253;
2016-06-08;152.90;152.20;152.20;152.51;1 187 386;181 068 334;
2016-06-07;153.20;152.05;152.90;152.89;577 003;88 220 416;
2016-06-03;153.25;149.95;150.50;151.49;256 330;38 831 593;
2016-06-02;152.70;151.75;151.95;152.23;716 524;109 078 681;
2016-06-01;153.00;151.35;151.75;151.93;1 239 007;188 236 987;
2016-05-31;154.80;153.35;153.40;154.26;1 375 379;212 171 745;
2016-05-30;154.50;153.50;154.20;153.88;884 693;136 132 299;
2016-05-27;154.20;153.35;154.00;153.61;676 155;103 863 198;
2016-05-26;153.95;152.75;153.60;153.62;1 245 955;191 426 216;
2016-05-25;153.20;152.35;152.95;152.81;487 603;74 509 195;
2016-05-24;151.75;148.65;151.70;150.46;1 119 719;168 477 691;
2016-05-23;150.45;149.00;149.60;149.70;1 694 458;253 625 170;
2016-05-20;150.00;149.15;149.95;149.90;1 491 598;223 588 831;
2016-05-19;149.40;147.90;148.10;148.66;1 258 306;187 130 263;
2016-05-18;149.80;147.95;149.80;148.94;550 420;82 071 701;
2016-05-17;150.65;148.45;148.70;149.12;294 890;43 973 067;
2016-05-16;149.25;146.30;149.25;147.58;141 102;20 823 772;
2016-05-13;147.85;146.00;147.40;147.22;436 220;64 220 977;
2016-05-12;149.05;146.75;146.75;148.17;189 903;28 137 603;
2016-05-11;149.40;147.75;148.15;148.22;352 765;52 286 898;
2016-05-10;149.85;148.25;148.70;149.16;823 889;122 894 447;
2016-05-09;149.25;146.70;148.35;148.43;272 127;40 391 252;
2016-05-06;147.25;145.25;146.20;146.22;279 709;40 899 510;
2016-05-04;148.80;147.25;147.25;148.00;546 360;80 860 578;
2016-05-03;149.75;147.30;148.35;148.06;630 261;93 317 866;
2016-05-02;152.00;150.00;150.55;150.50;823 830;123 984 619;
2016-04-29;152.85;150.85;151.15;152.14;239 293;36 405 778;
2016-04-28;154.25;151.35;154.25;152.81;781 464;119 503 309;
2016-04-27;154.70;153.25;153.65;154.16;1 013 588;156 173 214;
2016-04-26;154.90;153.65;154.00;154.18;591 045;91 239 875;
2016-04-25;155.55;153.40;153.70;153.81;439 501;67 601 560;
2016-04-22;155.65;154.25;154.60;154.96;261 127;40 463 391;
2016-04-21;157.15;155.30;156.15;155.82;956 162;148 985 454;
2016-04-20;157.15;155.40;157.15;156.12;1 654 095;258 676 097;
2016-04-19;156.50;153.65;156.45;155.16;745 867;115 392 635;
2016-04-18;153.50;151.10;153.35;152.62;903 516;137 930 953;
2016-04-15;153.30;152.60;153.00;153.04;503 931;77 123 165;
2016-04-14;154.40;152.85;153.10;153.59;461 563;70 890 665;
2016-04-13;153.60;151.75;153.15;153.37;1 185 173;181 769 211;
2016-04-12;150.50;149.00;150.50;149.79;1 178 329;176 470 335;
2016-04-11;151.00;148.70;150.45;150.41;196 240;29 516 811;
2016-04-08;149.80;147.40;149.50;148.84;519 518;77 322 598;
2016-04-07;149.20;146.25;146.25;147.15;879 357;129 505 066;
2016-04-06;147.75;145.20;147.75;146.16;378 138;55 228 895;
2016-04-05;148.00;145.10;145.85;145.68;1 272 789;185 806 826;
2016-04-04;149.70;147.65;148.80;149.26;727 982;108 659 232;
2016-04-01;148.85;146.85;148.25;148.07;879 334;130 342 992;
2016-03-31;150.20;148.80;148.85;149.13;975 939;145 544 921;
2016-03-30;151.00;148.30;150.30;149.87;192 473;28 846 179;
2016-03-29;148.00;146.50;147.15;147.08;62 824;9 239 966;
2016-03-24;150.00;147.10;147.20;147.64;1 796 690;267 335 960;
2016-03-23;150.85;148.85;149.30;150.18;487 583;73 222 839;
2016-03-22;150.18;147.45;150.14;149.43;1 186 368;177 283 546;
2016-03-21;151.35;149.60;149.75;150.27;494 287;74 313 256;
2016-03-18;151.00;149.25;151.00;150.38;94 592;14 224 534;
2016-03-17;151.60;147.15;149.45;148.46;2 086 613;312 617 953;
2016-03-16;152.55;149.70;150.25;151.37;244 461;37 003 170;
2016-03-15;153.35;151.35;151.45;151.72;531 658;80 799 800;
2016-03-14;154.25;152.55;153.60;153.89;899 772;138 463 845;
2016-03-11;152.80;151.60;152.70;152.34;230 867;34 805 641;
2016-03-10;153.40;149.50;149.50;151.40;691 007;104 618 935;
2016-03-09;151.20;149.25;150.60;150.27;2 772 227;416 581 806;
2016-03-08;150.90;149.35;149.80;150.00;423 098;63 464 702;
2016-03-07;152.45;149.80;150.40;150.18;354 394;53 223 985;
2016-03-04;151.90;149.90;151.40;150.78;781 746;117 756 734;
2016-03-03;150.20;149.40;149.85;149.95;85 785;12 863 394;
2016-03-02;151.25;148.10;148.95;149.86;612 303;91 758 349;
2016-03-01;150.10;146.60;150.10;148.29;570 532;84 522 711;
2016-02-29;148.30;145.10;148.30;146.22;591 549;86 732 827;
2016-02-26;148.50;147.20;148.00;148.00;953 447;141 108 471;
2016-02-25;146.60;144.10;146.20;145.40;694 505;100 981 923;
2016-02-24;147.70;142.90;142.90;144.58;202 374;29 259 927;
2016-02-23;149.40;147.50;147.55;148.33;1 219 511;180 665 703;
2016-02-22;149.45;147.30;149.15;148.59;1 098 906;163 286 410;
2016-02-19;147.85;145.50;145.85;146.23;387 098;56 645 808;
2016-02-18;149.00;146.70;146.70;147.71;504 420;74 508 763;
2016-02-17;147.90;143.70;147.75;147.03;1 664 239;244 687 956;
2016-02-16;145.40;142.70;142.85;144.03;1 024 427;147 551 530;
2016-02-15;143.60;140.30;143.60;142.43;527 457;75 125 107;
2016-02-12;138.20;134.95;138.15;137.00;1 119 985;153 438 196;
2016-02-11;138.00;134.60;134.75;135.58;1 088 571;147 529 570;
2016-02-10;140.45;137.30;140.15;139.74;805 905;112 057 228;
2016-02-09;138.60;135.25;138.50;136.20;2 914 174;398 705 240;
2016-02-08;144.10;137.20;137.20;138.09;1 918 536;264 937 686;
2016-02-05;145.15;142.50;143.35;143.87;513 980;73 947 793;
2016-02-04;143.60;140.75;143.35;142.81;1 877 974;268 177 265;
2016-02-03;143.40;139.65;140.55;140.91;1 695 765;239 565 462;
2016-02-02;144.25;141.70;142.15;142.92;180 939;25 859 437;
2016-02-01;147.60;143.95;144.50;144.73;324 724;46 998 663;
2016-01-29;146.15;144.00;145.70;144.72;767 443;111 060 695;
2016-01-28;147.15;143.25;143.60;144.57;948 389;136 799 524;
2016-01-27;148.00;145.75;147.05;146.56;321 249;47 080 829;
2016-01-26;148.20;143.55;148.10;146.53;235 631;34 525 986;
2016-01-25;147.00;144.95;145.70;145.77;1 068 291;155 762 928;
2016-01-22;146.95;141.20;146.50;145.32;448 827;64 247 792;
2016-01-21;142.15;138.25;141.10;139.71;4 569 750;633 235 858;
2016-01-20;141.40;139.00;140.80;139.78;1 996 770;279 726 407;
2016-01-19;144.50;142.90;143.05;143.61;237 421;34 095 298;
2016-01-18;142.15;140.25;141.00;141.32;367 764;51 917 819;
2016-01-15;144.85;139.70;140.95;142.10;783 239;111 296 332;
2016-01-14;145.25;143.00;144.35;143.60;374 910;53 836 059;
2016-01-13;148.40;146.50;146.60;147.11;360 190;52 987 067;
2016-01-12;147.40;145.00;145.90;146.94;3 920 394;574 895 582;
2016-01-11;146.60;144.85;145.30;145.69;796 716;116 145 978;
2016-01-08;148.70;145.50;145.50;147.35;497 031;73 234 164;
2016-01-07;147.30;143.00;146.05;145.44;2 767 466;402 460 317;
2016-01-05;152.00;149.35;149.50;149.90;158 141;23 704 942;
2016-01-04;152.95;148.20;150.25;150.96;645 857;97 497 230
