Date;Bid;Ask;Opening price;High price;Low price;Closing price;Average price;Total volume;Turnover;Trades;
2019-09-09;188.95;189.00;190.70;190.75;188.90;189.45;189.598;676016;128173387.08;2479;
2019-09-06;190.35;190.50;191.15;191.45;188.65;190.70;190.243;849708;161640375.26;3428;
2019-09-05;191.95;192.05;192.50;193.20;190.95;191.90;191.828;1086264;208376724.73;3995;
2019-09-04;192.10;192.25;190.00;192.35;189.30;192.30;191.104;1854471;354646915.65;5113;
2019-09-03;190.15;190.25;185.05;191.25;184.80;190.20;190.07;1901974;361399926.34;5494;
2019-09-02;186.00;186.10;183.00;186.25;182.80;185.65;185.256;883162;163635342.83;3240;
2019-08-30;183.35;183.45;180.50;184.35;180.50;183.90;183.682;839302;154160970.81;2470;
2019-08-29;181.90;182.00;178.35;182.00;178.15;182.00;180.978;1115945;201942734.51;3546;
2019-08-28;178.80;178.90;180.00;181.10;176.90;178.70;178.268;742478;132349757.6;2846;
2019-08-27;179.10;179.20;177.55;179.65;176.15;179.65;178.997;904966;161984581.21;2110;
2019-08-26;178.00;178.10;174.80;178.40;174.80;177.80;177.314;592972;105138781.03;2309;
2019-08-23;176.45;176.60;178.30;180.40;176.35;176.40;178.131;679575;121065836.02;2583;
2019-08-22;177.25;177.35;177.50;178.50;177.00;177.35;177.597;595351;105732842.47;2277;
2019-08-21;178.20;178.35;177.85;178.90;176.85;178.05;177.909;917938;163303236.48;3424;
2019-08-20;176.75;176.90;176.85;178.75;176.15;177.25;177.261;1381822;244032699.63;3768;
2019-08-19;176.90;177.00;173.75;177.35;173.20;177.35;176.445;818188;144331219.79;2909;
2019-08-16;173.75;173.90;172.50;174.55;172.40;173.95;173.719;1113439;193416841.72;3426;
2019-08-15;171.25;171.30;172.05;173.80;169.70;171.60;171.428;1134236;194439034.47;4139;
2019-08-14;172.15;172.25;177.10;177.10;171.95;172.30;173.487;980298;170067226.64;3347;
2019-08-13;177.15;177.30;175.10;178.20;172.50;177.10;175.574;1195625;209913844.55;4026;
2019-08-12;176.20;176.35;176.00;178.15;175.10;176.20;176.183;602878;106219643.79;2417;
2019-08-09;176.00;176.10;176.55;177.15;175.80;176.05;176.336;480054;84651113.54;2043;
2019-08-08;176.80;176.90;176.15;177.30;174.95;177.30;176.512;744821;131461197.71;2263;
2019-08-07;174.85;175.00;174.05;176.40;173.45;174.85;175.046;843498;147648840.03;3057;
2019-08-06;174.30;174.40;174.80;176.10;172.50;174.50;174.533;1234386;215452387.19;3381;
2019-08-05;174.50;174.65;175.55;176.00;172.85;174.55;174.11;1378146;239945563.61;4961;
2019-08-02;177.90;178.05;177.75;179.55;176.60;178.30;178.181;961713;171368260.81;3266;
2019-08-01;181.35;181.45;178.75;182.00;178.75;181.35;181.214;618671;112110052.24;2209;
2019-07-31;180.60;180.75;179.45;181.15;179.45;180.75;180.496;724436;130758604.04;2439;
2019-07-30;179.60;179.75;181.60;182.30;179.20;179.75;180.224;1076155;193968992.18;3685;
2019-07-29;182.05;182.15;181.85;183.15;180.40;182.40;182.22;690447;125812530.18;2409;
2019-07-26;182.75;182.80;184.40;184.70;182.30;182.75;183.318;1034461;189639471.69;3100;
2019-07-25;184.50;184.70;177.70;184.75;176.00;184.40;182.348;3198460;583138067.84;11771;
2019-07-24;174.15;174.30;181.75;183.30;172.50;174.35;176.762;3200895;567917622.38;9745;
2019-07-23;177.00;177.15;179.00;179.75;177.00;177.25;177.839;1272165;226235554.85;5017;
2019-07-22;178.85;178.90;177.50;179.05;177.00;179.05;178.213;889564;158017709.62;3714;
2019-07-19;177.75;177.85;177.00;179.00;176.95;177.85;177.933;998016;177585989.17;3850;
2019-07-18;177.85;177.95;178.15;178.50;176.30;177.95;177.52;1108657;196796620.08;3907;
2019-07-17;178.95;179.05;177.90;180.15;177.85;179.50;179.453;1541576;276653973.91;3803;
2019-07-16;177.95;178.00;178.75;179.70;177.40;178.20;178.154;1173801;209110583.82;4201;
2019-07-15;179.40;179.50;176.00;179.60;176.00;179.40;178.894;882626;157899584.03;3336;
2019-07-12;177.30;177.45;174.55;178.40;174.55;177.40;177.112;1127318;199647442.67;4149;
2019-07-11;173.90;174.00;175.50;176.55;173.70;174.30;174.679;920019;160745787.26;2760;
2019-07-10;175.50;175.60;174.50;176.30;173.90;175.50;175.087;1781142;311858119.2;4090;
2019-07-09;173.55;173.65;173.80;174.60;172.65;173.80;173.658;1045520;181560770.37;3332;
2019-07-08;174.05;174.10;171.35;174.65;171.35;174.10;173.687;1145693;198948707.32;3412;
2019-07-05;171.40;171.50;173.00;173.00;169.45;171.70;171.195;990718;169598363.13;3332;
2019-07-04;173.65;173.70;172.40;174.10;172.40;173.95;173.63;1256122;218044165.91;2570;
2019-07-03;172.40;172.45;168.40;172.75;168.05;172.75;171.793;1304304;224039939.65;3819;
2019-07-02;168.15;168.25;168.00;168.90;167.70;168.60;168.461;786711;132530134.19;2736;
2019-07-01;168.30;168.45;168.00;169.25;167.10;168.65;168.221;987047;166036878.91;3210;
2019-06-28;167.10;167.20;163.70;167.70;163.65;167.70;166.843;1405913;234502400.52;4269;
2019-06-27;163.75;163.85;164.00;164.75;162.75;164.10;163.842;931107;152545202.32;3965;
2019-06-26;163.85;163.95;164.00;164.60;163.10;163.90;163.895;782521;128251175.97;3773;
2019-06-25;164.00;164.10;163.95;165.05;163.75;164.20;164.287;1184997;194730275.7;2694;
2019-06-24;164.65;164.75;165.95;168.75;164.75;164.80;165.824;1253376;207772224.3;3414;
2019-06-20;167.40;167.50;167.50;168.55;166.75;166.75;167.263;1898371;317539458.59;4023;
2019-06-19;166.75;166.80;167.05;168.30;166.75;167.00;167.286;1081382;180909013.49;2477;
2019-06-18;167.20;167.25;166.50;168.15;165.60;167.05;167.205;1424483;238201178.54;3039;
2019-06-17;166.90;167.00;167.05;167.65;165.65;166.60;166.631;653377;108869998.23;1934;
2019-06-14;167.55;167.65;166.90;168.10;166.45;167.25;167.347;812535;135977334.84;1968;
2019-06-13;167.35;167.45;164.75;168.15;164.75;167.50;167.486;797478;133561567.52;1982;
2019-06-12;166.25;166.35;165.00;166.90;164.25;165.95;165.895;860586;142771490.74;2724;
2019-06-11;167.35;167.45;165.10;168.25;165.10;167.15;167.268;1018897;170438584.88;2478;
2019-06-10;164.45;164.55;164.00;165.30;164.00;164.75;164.67;703169;115785893.8;2232;
2019-06-07;163.50;163.60;160.75;164.30;160.70;163.35;163.207;1244318;203080583.46;2845;
2019-06-05;160.05;160.10;158.30;161.85;157.80;160.45;160.011;1775459;284085748.9;5989;
2019-06-04;157.25;157.30;154.15;157.40;153.20;157.40;156.313;1035499;161871026.83;2584;
2019-06-03;154.05;154.20;155.00;155.05;152.10;154.30;153.594;1072686;164751774.68;3035;
2019-05-31;155.10;155.15;155.50;156.10;153.35;155.50;154.993;1530331;237188316.55;4228;
2019-05-29;156.25;156.30;158.00;158.35;156.00;156.55;156.748;457908;71778400.21;1567;
2019-05-28;158.70;158.80;158.80;159.50;157.45;159.25;159.094;1558699;247967279.84;2080;
2019-05-27;158.70;158.85;159.40;159.90;158.55;158.80;158.897;287713;45717682.27;1210;
2019-05-24;159.00;159.05;158.00;159.80;157.85;159.00;159.007;873375;138873214.84;2218;
2019-05-23;157.80;157.85;158.80;159.85;157.85;158.20;158.654;932366;147927244.49;3274;
2019-05-22;160.10;160.20;161.20;161.60;159.80;160.65;160.429;1559505;250464811.24;2335;
2019-05-21;160.75;160.80;159.85;161.05;159.85;161.00;160.765;878164;141119568.33;1890;
2019-05-20;159.25;159.35;159.35;160.70;158.15;159.75;159.499;1023780;163971237.92;2576;
2019-05-17;160.70;160.75;161.80;162.25;159.65;161.15;160.701;1128969;181426342.38;3460;
2019-05-16;161.55;161.60;162.10;162.10;160.35;162.00;161.483;1067345;172355109.98;2883;
2019-05-15;161.75;161.80;162.50;163.05;159.90;162.10;161.381;864844;139554259.43;2576;
2019-05-14;161.35;161.45;159.15;161.85;159.15;161.35;161.045;744242;119854189.14;2412;
2019-05-13;159.40;159.50;160.10;160.70;158.30;158.90;159.138;1012120;161064189.27;2776;
2019-05-10;160.25;160.30;160.30;162.30;159.90;160.10;160.624;794021;127549236.5;1958;
2019-05-09;158.85;158.95;160.70;162.05;158.90;159.20;160.118;999076;159973955.43;2945;
2019-05-08;161.60;161.70;160.10;161.85;159.80;161.50;161.165;1163993;187592928.5;3397;
2019-05-07;160.50;160.60;162.00;163.50;160.20;160.45;161.339;1034342;166853148.01;2989;
2019-05-06;162.55;162.65;161.85;162.65;160.80;162.60;161.875;931456;150733122.88;2526;
2019-05-03;164.65;164.75;164.20;165.35;164.00;164.15;164.474;1305864;214803928.52;3925;
2019-05-02;165.60;165.70;165.00;166.35;163.05;165.70;165.237;1696367;280291758.62;5269;
2019-04-30;165.90;166.00;169.90;170.50;165.30;165.30;166.47;1129092;187991356.2;2919;
2019-04-29;170.00;170.05;169.20;172.20;168.60;170.10;170.398;1970020;335586983.69;4937;
2019-04-26;169.65;169.75;166.50;171.30;165.35;169.60;168.381;4530427;763127850.66;14894;
2019-04-25;177.10;177.15;175.50;177.80;175.35;177.65;177.198;1757833;311473925.78;4341;
2019-04-24;175.55;175.60;174.85;176.25;174.85;175.85;175.698;1135260;199459256.7;3575;
2019-04-23;175.35;175.45;175.35;176.05;174.20;175.50;175.255;1188929;208371061.71;3926;
2019-04-18;175.75;175.85;174.95;176.35;174.65;175.50;175.497;467996;81868546.7;1106;
2019-04-17;174.75;174.85;174.10;175.40;173.60;175.05;174.857;797573;139459483.71;2547;
2019-04-16;173.70;173.80;174.75;175.35;172.90;174.15;174.198;1349452;235072551.74;4180;
2019-04-15;175.60;175.75;176.20;176.65;175.05;175.60;175.709;838518;147337810.21;2528;
2019-04-12;176.20;176.30;175.05;177.85;174.20;176.70;176.773;946939;167386671.42;2471;
2019-04-11;175.80;175.90;174.85;176.90;174.60;176.05;175.986;1163817;204805777.44;3698;
2019-04-10;174.35;174.45;172.15;174.75;172.10;174.75;174.116;1048731;182589149.83;2860;
2019-04-09;172.30;172.40;174.25;174.70;171.95;172.15;172.901;805365;139259062.99;2334;
2019-04-08;174.05;174.15;173.75;174.25;173.00;174.25;173.969;944002;164216184.21;2972;
2019-04-05;174.40;174.50;173.15;174.50;172.85;174.35;173.82;795526;138272395.56;2617;
2019-04-04;173.10;173.20;173.85;174.15;173.05;173.60;173.556;1003102;174094439.55;3277;
2019-04-03;174.10;174.20;174.50;176.70;173.75;174.65;174.737;1688877;295104906.13;3915;
2019-04-02;172.25;172.35;172.20;173.35;172.05;172.60;172.634;1307833;225775919.96;3667;
2019-04-01;173.40;173.55;169.60;173.65;169.25;173.65;172.529;1883021;323659112.94;3927;
2019-03-29;168.65;168.75;168.90;170.30;167.60;168.90;168.844;2329699;388056121.57;5205;
2019-03-28;174.85;174.95;173.85;176.30;173.40;174.55;174.843;2147525;375455553.19;5223;
2019-03-27;173.65;173.80;172.40;174.35;172.30;173.85;173.486;1129790;196004429.48;3688;
2019-03-26;172.25;172.35;172.75;172.75;171.20;172.35;172.134;753405;129684971.39;2784;
2019-03-25;172.25;172.35;170.00;172.60;169.35;172.25;171.653;901557;154748556.78;3577;
2019-03-22;170.75;170.85;172.30;174.15;170.50;170.50;171.646;1102846;189178211.5;3638;
2019-03-21;171.20;171.35;172.00;174.35;168.00;171.00;170.899;1965771;335887574.85;6202;
2019-03-20;175.45;175.55;175.00;176.45;173.80;175.25;175.579;1311698;230312192.39;3071;
2019-03-19;175.30;175.35;174.85;175.65;173.05;175.40;175.038;1235456;215672636.71;3225;
2019-03-18;174.40;174.50;173.20;175.85;173.20;174.50;174.505;4040552;672607630.54;5231;
2019-03-15;171.40;171.45;169.85;172.80;169.35;171.85;171.57;2293587;393476620.02;5218;
2019-03-14;169.10;169.15;165.95;169.90;165.65;169.90;169.126;1309869;221523749.31;2602;
2019-03-13;165.80;165.85;165.55;166.75;163.80;166.30;166.064;1609031;267223921.67;4324;
2019-03-12;167.30;167.40;166.95;168.20;166.65;167.30;167.411;781523;130837320.06;1736;
2019-03-11;166.65;166.75;164.80;166.90;164.55;166.60;166.299;880612;146440788.21;2187;
2019-03-08;164.50;164.60;163.55;165.00;163.55;164.40;164.215;691776;113599133.45;1783;
2019-03-07;165.35;165.50;167.50;167.50;164.95;165.65;165.853;861805;142950010.57;2401;
2019-03-06;167.20;167.30;167.60;168.60;166.80;167.50;167.678;703656;117991086.91;1991;
2019-03-05;167.75;167.85;167.40;167.90;166.25;167.65;167.375;685915;114803705.21;1899;
2019-03-04;167.30;167.40;166.20;167.75;165.20;167.40;167.21;799729;133720938.49;1950;
2019-03-01;165.70;165.80;167.00;167.15;165.60;166.20;166.31;1181124;196433287.78;2971;
2019-02-28;166.25;166.35;165.90;166.60;164.85;166.60;166.216;1114594;185253196.13;2129;
2019-02-27;165.80;165.90;164.75;166.30;164.75;166.25;165.96;630112;104569828.72;1843;
2019-02-26;166.35;166.45;164.80;166.85;164.65;166.40;165.929;967177;160477638;3208;
2019-02-25;165.50;165.65;166.50;167.00;164.35;165.75;165.65;930215;154087989.02;2748;
2019-02-22;166.45;166.55;164.40;166.75;164.40;166.50;166.295;978776;162758728.46;2639;
2019-02-21;164.75;164.85;164.15;166.25;163.70;164.35;164.844;1301369;214549249.93;3286;
2019-02-20;164.30;164.40;161.80;165.20;161.70;164.25;163.685;1659321;271587206.91;4690;
2019-02-19;161.40;161.45;161.45;162.40;160.85;161.45;161.551;1362685;220145584.1;3582;
2019-02-18;161.85;161.95;162.05;162.60;161.10;161.75;161.66;1708416;274619756.62;3216;
2019-02-15;161.80;161.90;162.15;163.35;161.60;162.60;162.553;1893724;307829289.12;4669;
2019-02-14;162.95;163.05;162.40;164.35;162.00;162.90;163.113;1464682;238916484.11;3718;
2019-02-13;162.40;162.50;160.85;163.25;160.55;162.40;162.21;1615849;262097694.26;4821;
2019-02-12;161.00;161.10;159.10;161.70;159.10;161.05;160.92;1463330;235478267.89;4433;
2019-02-11;158.30;158.40;150.30;159.50;149.50;158.70;156.524;2972397;465769373.92;9883;
2019-02-08;150.30;150.35;147.45;152.60;146.05;150.40;150.114;4611172;692134415.43;13936;
2019-02-07;160.65;160.80;163.20;163.90;160.60;161.10;161.53;1336896;215942708.4;3346;
2019-02-06;163.80;163.95;163.50;164.05;162.00;163.70;163.567;1174798;192151614.25;3149;
2019-02-05;163.60;163.70;160.40;163.70;160.40;163.55;162.646;1479856;240681381.32;4579;
2019-02-04;159.70;159.80;159.50;160.00;159.05;159.55;159.562;773746;123460652.62;2323;
2019-02-01;159.00;159.15;158.25;159.65;157.75;159.50;159.203;819905;130529683.2;2580;
2019-01-31;158.10;158.20;160.10;161.40;157.25;158.15;158.83;1515760;240779419.81;3888;
2019-01-30;159.90;160.00;160.60;161.15;159.00;160.00;159.901;1702782;272284395.08;6026;
2019-01-29;162.55;162.60;160.05;163.15;160.05;162.45;162.168;1042991;169138921.96;2890;
2019-01-28;160.50;160.60;161.15;162.30;160.15;160.35;160.85;827548;133115691.99;3102;
2019-01-25;161.25;161.35;160.00;161.90;160.00;161.30;161.146;1038981;167422416.29;3384;
2019-01-24;158.90;159.00;159.80;160.75;158.05;159.00;158.948;1026802;163212645.94;2973;
2019-01-23;159.20;159.30;158.05;159.90;157.05;159.30;159.056;765623;121773752.53;2901;
2019-01-22;158.10;158.20;157.60;159.25;157.55;158.45;158.568;1643433;260119429.9;1788;
2019-01-21;158.35;158.45;158.20;158.50;156.70;158.30;157.883;679082;106791177.93;1760;
2019-01-18;157.55;157.65;155.55;158.20;155.45;158.20;157.472;2407141;379059418.12;5048;
2019-01-17;154.90;155.00;153.05;155.30;152.80;155.05;154.60;588547;90983021.23;2005;
2019-01-16;153.85;153.95;151.90;154.40;151.90;154.25;153.786;1000322;153832261.48;2546;
2019-01-15;151.60;151.70;153.60;155.60;151.65;151.85;152.583;669707;102191908.83;2327;
2019-01-14;152.65;152.75;153.40;153.75;152.25;152.90;152.905;669362;102351807.43;2227;
2019-01-11;153.95;154.05;152.95;154.35;152.60;153.95;153.82;1024164;157532923.72;2982;
2019-01-10;151.50;151.55;149.75;151.90;149.60;151.75;150.984;1123090;169539478.02;3875;
2019-01-09;149.70;149.85;150.00;150.40;148.40;150.15;149.732;1419360;212546667;3524;
2019-01-08;147.60;147.70;146.00;148.15;145.50;147.80;147.525;1574195;232357339.87;2359;
2019-01-07;146.15;146.25;144.95;147.05;144.30;146.25;145.963;1023054;149331872.02;2952;
2019-01-04;144.15;144.25;141.25;144.80;141.25;144.60;143.835;883308;127048135.51;2302;
2019-01-03;140.75;140.85;139.65;142.05;139.15;140.85;140.897;623089;87789455.61;2127;
2019-01-02;140.90;140.95;140.00;141.25;137.20;140.95;139.979;1235838;173033935.17;3450;
2018-12-28;140.50;140.60;139.35;141.75;139.35;141.00;141.004;1289979;181893158.81;2945;
2018-12-27;138.35;138.45;140.20;142.20;137.85;138.55;139.162;1317625;185993660.12;3927;
2018-12-21;140.35;140.45;140.50;141.75;139.70;140.55;140.521;1424461;200167176.8;4025;
2018-12-20;141.50;141.60;142.50;143.45;140.60;141.10;141.644;1655335;234468624.36;4564;
2018-12-19;143.70;143.80;141.00;144.45;141.00;144.05;143.663;1307766;187864626.93;3060;
2018-12-18;141.80;141.90;142.75;143.30;141.60;141.60;142.10;1148385;163190304.71;2793;
2018-12-17;143.60;143.70;144.00;144.90;142.45;143.15;143.376;864992;124018316.11;2479;
2018-12-14;144.00;144.10;142.35;145.20;141.85;144.15;143.881;1661222;239398861.94;2774;
2018-12-13;144.00;144.10;144.00;145.00;143.35;143.95;144.164;905423;130532986.08;2806;
2018-12-12;143.40;143.50;139.10;144.40;138.70;143.90;142.396;1521969;216701857.32;4068;
2018-12-11;138.30;138.40;135.55;140.35;135.20;138.60;138.859;1950946;270906318.61;5794;
2018-12-10;134.75;134.85;137.00;137.00;134.75;134.85;135.629;1344755;182390899.39;4471;
2018-12-07;137.50;137.60;137.25;139.50;137.20;137.55;138.311;1153462;159551643.5;3880;
2018-12-06;137.25;137.35;139.10;139.10;136.30;136.80;137.556;1511023;207855840.52;5296;
2018-12-05;140.00;140.10;141.05;141.75;139.85;139.85;140.626;1214895;170852637.68;2974;
2018-12-04;142.95;143.05;144.00;145.30;142.20;142.60;143.317;1257325;180204978.05;3463;
2018-12-03;144.75;144.85;144.15;146.65;144.05;144.55;145.013;1342994;194755993.51;3583;
2018-11-30;143.30;143.40;144.55;144.75;142.25;143.05;143.169;1805493;258495292.54;3317;
2018-11-29;144.35;144.45;143.90;145.70;143.55;144.55;144.591;1125379;162744158.73;3326;
2018-11-28;142.80;142.90;143.55;144.85;142.75;143.00;143.388;1292731;185364976.5;3110;
2018-11-27;143.25;143.30;144.85;145.40;142.25;143.30;143.478;1293048;185528653.81;3482;
2018-11-26;144.95;145.05;143.30;145.75;142.95;145.15;145.017;969291;140562559.25;2297;
2018-11-23;142.20;142.30;141.95;143.75;141.75;142.80;142.808;629630;89915104.16;1958;
2018-11-22;142.45;142.50;142.60;143.40;140.95;142.20;142.347;740654;105428078.21;2114;
2018-11-21;142.50;142.60;140.80;142.70;140.25;142.55;141.824;859868;121948281.4;2020;
2018-11-20;140.40;140.50;142.00;142.00;139.25;140.55;140.551;1245342;175032634.35;3963;
2018-11-19;142.70;142.80;144.85;146.35;142.75;142.90;144.137;1436994;207508154.17;3402;
2018-11-16;144.65;144.70;144.00;146.35;143.45;144.85;144.759;1173425;169866883.32;3923;
2018-11-15;143.65;143.75;145.20;146.65;143.55;143.75;144.488;1021327;147570141.64;2777;
2018-11-14;144.80;144.90;145.95;146.65;144.80;145.20;145.614;1008115;146796670.47;2895;
2018-11-13;146.90;147.00;147.25;148.25;145.60;147.00;146.975;1143212;168025411.71;3272;
2018-11-12;147.45;147.50;148.25;149.55;147.05;147.30;147.751;1996714;295037176.93;5019;
2018-11-09;147.30;147.40;143.30;149.00;143.30;147.20;146.823;2699819;396328901.42;8196;
2018-11-08;142.95;143.10;144.00;149.70;142.50;142.90;143.76;1420303;204197168.75;5059;
2018-11-07;143.55;143.65;144.35;145.00;142.80;143.65;143.691;920866;132320638.9;3281;
2018-11-06;143.95;144.05;144.00;144.40;143.50;144.10;143.996;832517;119878919.75;2392;
2018-11-05;143.80;143.90;143.65;144.30;142.55;143.70;143.511;884379;126918176.95;3258;
2018-11-02;144.65;144.75;144.50;145.60;144.15;144.90;144.879;489935;70981826.38;1692;
2018-11-01;142.65;142.70;144.10;144.10;142.35;142.95;142.927;1331942;190366564.62;4582;
2018-10-31;144.05;144.10;143.75;145.40;143.10;144.05;144.35;2214247;319302678.56;3921;
2018-10-30;142.25;142.35;141.30;142.40;139.50;142.40;141.134;1245121;175726600.38;3995;
2018-10-29;140.25;140.30;138.00;142.70;137.75;140.75;140.883;1453448;204763669.07;4681;
2018-10-26;137.20;137.30;137.10;138.15;135.05;137.65;136.894;2084582;285367774.89;5807;
2018-10-25;136.80;136.90;135.55;140.25;135.50;137.15;137.664;2552846;351432897.42;7226;
2018-10-24;136.85;136.95;141.05;142.55;136.80;137.00;139.022;3136770;436106287.05;8234;
2018-10-23;141.45;141.55;144.00;144.00;140.05;141.40;141.118;2607745;367944301.79;7602;
2018-10-22;144.50;144.60;147.25;149.25;144.20;144.50;145.536;3112567;453329813.8;9045;
2018-10-19;144.45;144.60;151.00;153.50;141.90;144.25;146.895;7371506;1083048493.37;21050;
2018-10-18;161.35;161.45;161.80;162.70;161.00;161.40;161.645;1518673;245485672.59;5104;
2018-10-17;162.15;162.20;164.20;165.60;161.35;162.25;162.833;1408448;229341675.11;4614;
2018-10-16;163.80;163.90;160.00;164.20;158.20;164.05;161.535;2009949;324624701.04;6201;
2018-10-15;162.75;162.85;163.80;163.95;161.40;162.80;162.694;1551377;252402487.34;4804;
2018-10-12;163.90;164.00;167.45;168.75;163.20;163.85;165.137;2263577;373806294.51;5918;
2018-10-11;167.00;167.10;170.50;171.35;166.50;166.50;168.022;2245806;377370003.9;5803;
2018-10-10;173.20;173.30;174.95;175.55;172.55;173.45;173.747;1132412;196757543.75;3604;
2018-10-09;174.75;174.85;172.90;175.40;172.90;175.00;174.546;1113515;194359057.8;3140;
2018-10-08;172.80;172.90;173.80;173.85;172.50;172.80;173.025;815846;141161543.13;2643;
2018-10-05;173.95;174.00;175.00;175.65;173.80;174.00;174.339;997245;173859086.41;3003;
2018-10-04;175.40;175.50;177.00;177.60;174.65;175.20;175.478;1064124;186762038.2;2785;
2018-10-03;177.90;178.00;175.65;178.00;175.55;177.80;177.15;1078466;191045776.76;3012;
2018-10-02;175.45;175.55;175.30;175.50;174.25;175.50;175.007;850710;148879963.13;2378;
2018-10-01;175.60;175.70;174.25;175.95;173.80;175.80;175.356;929768;163038876.36;2980;
2018-09-28;174.85;174.95;175.45;175.45;173.45;174.55;174.193;1412786;246090852.39;3674;
2018-09-27;175.50;175.60;173.65;175.90;173.25;175.65;175.063;1239956;217064178.02;3538;
2018-09-26;173.95;174.05;174.95;175.85;173.35;174.30;174.072;1409505;245362392.3;3387;
2018-09-25;174.45;174.55;175.20;176.10;174.30;174.90;175.192;1046937;183417806.94;3209;
2018-09-24;175.80;175.90;178.85;178.85;174.75;175.85;175.778;1275199;224109234.83;4264;
2018-09-21;179.30;179.40;179.25;180.20;179.05;179.70;179.666;1503707;270165010.3;3074;
2018-09-20;178.70;178.75;178.30;179.75;177.80;179.05;179.037;1106258;198056416.52;2998;
2018-09-19;178.20;178.30;178.35;179.30;178.05;178.50;178.612;1174870;209845375.29;3474;
2018-09-18;177.90;178.00;178.50;179.60;177.20;178.00;178.215;1107545;197385817.94;2846;
2018-09-17;179.20;179.30;178.45;180.00;178.25;179.35;179.21;989316;177292893.71;3272;
2018-09-14;179.55;179.65;177.55;179.60;176.75;179.55;178.515;1225439;218744405.53;3664;
2018-09-13;177.35;177.45;175.65;177.80;175.00;177.15;176.92;1967287;348089971.65;3484;
2018-09-12;175.85;175.95;170.95;176.10;170.35;176.00;174.941;2533559;443367892.79;5665;
2018-09-11;170.95;171.00;170.90;171.20;169.45;171.05;170.46;1039016;177097657.7;2730;
2018-09-10;170.75;170.85;168.65;171.10;168.60;170.50;170.437;761473;129787899.57;2273;
2018-09-07;168.55;168.65;168.60;170.10;167.70;168.70;168.78;1021912;172485655.93;2902;
2018-09-06;168.90;169.00;166.90;170.10;166.80;168.50;168.886;1155474;195142418.08;2907;
2018-09-05;167.60;167.70;168.00;168.20;166.25;167.25;167.314;1351020;226047511.69;3432;
2018-09-04;168.55;168.70;171.90;172.00;167.10;168.40;168.346;1642189;276457511.55;4230;
2018-09-03;172.05;172.15;171.00;172.60;170.70;171.90;171.85;618688;106321017.1;1872;
2018-08-31;171.20;171.30;172.50;172.85;171.20;171.70;171.692;1281933;220098385.86;2365;
2018-08-30;172.60;172.70;171.95;173.45;171.75;172.55;172.596;766724;132332487.65;2537;
2018-08-29;172.50;172.60;171.10;173.05;171.10;172.45;172.304;981386;169092777.8;2851;
2018-08-28;171.70;171.80;171.00;171.95;170.60;171.60;171.459;900349;154371098.93;2860;
2018-08-27;171.05;171.15;170.00;171.35;169.95;171.10;170.949;612228;104660021.12;2297;
2018-08-24;170.00;170.05;168.40;170.55;168.15;170.05;169.847;1759779;298944080.83;2384;
2018-08-23;168.35;168.50;168.20;169.85;168.20;168.70;169.066;1166297;197184174.11;3349;
2018-08-22;168.40;168.45;167.15;168.60;167.15;168.60;168.316;774348;130331972.53;2406;
2018-08-21;167.75;167.85;166.20;168.50;166.15;167.80;167.754;888711;149087890.03;2269;
2018-08-20;166.10;166.20;165.00;166.85;165.00;166.40;166.187;1061406;176316180.77;3270;
2018-08-17;165.25;165.30;163.65;165.50;163.65;165.50;165.039;971494;160324820.67;2699;
2018-08-16;164.75;164.85;164.65;165.00;163.75;164.80;164.574;835735;137534791.72;2613;
2018-08-15;164.00;164.10;165.40;166.55;163.75;164.10;164.947;754316;124424428.24;2043;
2018-08-14;165.05;165.15;166.00;166.60;165.05;165.65;165.633;742018;122903263.44;2253;
2018-08-13;166.10;166.15;166.30;166.55;165.65;166.00;166.072;716735;119030247.39;1882;
2018-08-10;166.70;166.80;167.05;168.20;166.45;166.60;166.985;618908;103349514.43;1898;
2018-08-09;168.10;168.15;167.00;168.25;166.60;168.15;167.76;487396;81764870.38;1921;
2018-08-08;167.30;167.40;166.10;167.50;165.75;167.20;166.756;786377;131131157.53;3062;
2018-08-07;165.90;166.00;165.00;166.50;165.00;166.10;166.01;708854;117677036.55;2324;
2018-08-06;164.95;165.00;165.50;165.65;164.70;165.05;165.104;903167;149119273.95;2695;
2018-08-03;165.15;165.20;164.65;165.80;164.65;165.30;165.39;765925;126676099.31;2787;
2018-08-02;164.75;164.85;164.15;165.50;163.60;164.60;164.76;750923;123723405.8;2331;
2018-08-01;164.55;164.65;165.60;166.10;164.45;164.55;164.881;793522;130837802.64;2453;
2018-07-31;165.35;165.45;164.70;166.15;164.70;165.60;165.585;2060724;341225052.37;2365;
2018-07-30;164.95;165.00;164.05;165.70;164.05;164.95;164.863;802418;132290161.81;2741;
2018-07-27;164.80;164.85;162.95;164.90;162.50;164.85;164.257;896491;147249859.31;2791;
2018-07-26;162.50;162.60;161.05;163.10;160.20;162.55;162.26;1130427;183419946.98;3924;
2018-07-25;160.55;160.60;159.05;162.35;158.40;160.30;160.691;1023837;164524897.01;4087;
2018-07-24;159.30;159.40;157.80;160.85;156.95;159.55;159.689;1659542;265026008.58;5027;
2018-07-23;157.70;157.75;156.10;159.15;156.10;157.85;158.079;1876288;296793826;6079;
2018-07-20;157.80;157.95;156.00;159.50;153.00;158.00;156.368;5152744;805708362.78;15258;
2018-07-19;165.30;165.35;164.70;166.10;164.35;165.65;165.462;1735168;287155371.34;4500;
2018-07-18;164.70;164.80;165.60;166.45;162.80;164.85;164.718;1352651;222805413.19;4648;
2018-07-17;166.10;166.15;166.45;166.85;165.60;166.15;166.213;942374;156657808.74;3058;
2018-07-16;166.60;166.65;162.75;166.70;162.55;166.45;165.466;1130747;187089179.15;3733;
2018-07-13;163.05;163.15;161.50;163.40;161.50;162.75;162.65;786132;127864073.85;2404;
2018-07-12;161.15;161.25;160.05;161.30;159.10;161.10;160.761;688896;110747039.9;2040;
2018-07-11;159.75;159.80;160.75;160.75;158.85;159.55;159.717;825301;131818450.31;2657;
2018-07-10;161.55;161.60;160.15;161.65;159.75;161.50;161.002;881564;141931416.36;2885;
2018-07-09;159.90;160.00;158.30;160.30;158.10;159.95;159.632;816740;130376279.63;2888;
2018-07-06;158.20;158.25;156.30;158.40;156.05;158.30;157.546;1129020;177870153.75;3639;
2018-07-05;155.95;156.00;156.05;157.05;155.45;156.15;156.20;880107;137468191.94;2968;
2018-07-04;155.95;156.05;157.00;157.30;155.60;156.15;156.397;886868;138700327.98;3422;
2018-07-03;156.95;157.05;158.20;158.75;156.85;157.10;157.448;987955;155553851.98;3143;
2018-07-02;157.80;157.90;161.95;162.05;157.15;158.15;158.91;1933105;307191753.57;4783;
2018-06-29;162.50;162.60;157.50;162.95;157.00;162.80;161.495;2601574;420127682.17;5878;
2018-06-28;156.55;156.65;157.30;158.15;155.30;156.45;156.652;1023561;160351988.26;3760;
2018-06-27;157.75;157.80;156.85;158.55;154.65;157.60;156.95;1496574;234884133.4;5048;
2018-06-26;156.80;156.85;155.95;157.30;155.95;156.85;156.784;1341005;210249285.89;4174;
2018-06-25;155.85;155.95;157.85;158.05;155.80;155.90;156.554;1201341;188074494.08;4067;
2018-06-21;158.05;158.15;160.10;160.30;157.65;157.85;158.689;1246343;197792853.32;3641;
2018-06-20;160.05;160.15;158.95;160.15;158.45;160.10;159.733;1521357;243006200.49;4478;
2018-06-19;158.30;158.40;157.00;158.65;156.55;158.60;158.042;1169297;184999703.69;3786;
2018-06-18;157.85;157.95;157.45;158.15;156.55;158.15;157.503;1106871;175669786.39;3157;
2018-06-15;158.15;158.20;159.90;160.00;157.90;158.05;158.43;1565108;247966092.81;4912;
2018-06-14;160.05;160.10;156.85;160.35;156.05;160.25;158.875;1696741;269411664.32;4811;
2018-06-13;157.15;157.20;157.15;158.30;156.20;157.15;157.243;1145638;180142495.24;4010;
2018-06-12;158.05;158.15;159.65;159.80;157.70;158.05;158.602;1436387;227843303.35;5644;
2018-06-11;158.85;158.95;159.55;159.80;157.10;159.15;158.663;1589068;252138230.01;5393;
2018-06-08;159.60;159.70;160.25;160.70;159.25;159.55;159.807;1001386;160037971.53;3535;
2018-06-07;160.85;160.95;163.30;163.30;159.70;160.65;160.643;1723607;276870597.9;5803;
2018-06-05;162.10;162.15;162.35;162.85;161.60;161.95;162.079;1802910;292281883.89;3843;
2018-06-04;162.35;162.45;163.75;164.80;162.35;162.45;162.942;1060260;172759260.21;3494;
2018-06-01;163.30;163.35;162.45;164.10;161.45;163.45;162.981;1192162;194322362.63;3847;
2018-05-31;161.95;162.05;164.45;165.40;161.95;162.35;162.981;2110652;343997008.67;5655;
2018-05-30;164.15;164.20;165.00;165.80;164.05;164.40;164.753;1344566;221520614.86;4590;
2018-05-29;166.40;166.45;166.90;167.25;165.00;166.40;166.248;1297205;215666278.92;4343;
2018-05-28;167.40;167.50;167.65;169.00;167.25;167.35;167.897;477804;80221472.55;1763;
2018-05-25;167.60;167.70;168.60;169.90;167.45;167.60;168.186;682411;114774679.53;2662;
2018-05-24;168.60;168.65;168.25;169.60;167.80;168.35;168.547;1016194;171277595.17;3473;
2018-05-23;168.20;168.25;170.00;170.00;167.75;168.50;168.702;992443;167421390.77;3062;
2018-05-22;170.45;170.50;171.05;171.60;169.80;170.40;170.439;859624;146409848.71;3091;
2018-05-21;170.40;170.50;170.00;171.65;170.00;170.85;171.019;942863;161160218.39;3131;
2018-05-18;169.65;169.75;168.35;170.40;168.30;169.65;169.774;1761846;299227545.66;4207;
2018-05-17;168.05;168.15;167.50;168.35;166.50;168.30;167.792;842418;141343321.95;3074;
2018-05-16;167.50;167.55;167.15;168.75;166.85;167.55;167.619;2082221;349022239.15;6286;
2018-05-15;167.55;167.65;168.05;169.80;166.90;167.40;168.035;1772762;297763484.23;5385;
2018-05-14;168.30;168.35;165.50;168.75;164.55;168.20;167.204;2350319;392984451.54;6203;
2018-05-11;164.95;165.05;166.45;168.40;164.70;165.05;166.121;2777440;461387338.27;8303;
2018-05-09;165.70;165.80;162.60;166.50;162.60;166.45;165.148;3523716;581937987.61;11691;
2018-05-08;172.80;172.90;172.50;173.90;171.75;173.25;172.767;2014759;348081053.84;5419;
2018-05-07;172.00;172.10;168.50;172.60;168.25;172.15;171.338;1345926;230606128.2;3936;
2018-05-04;168.55;168.65;167.45;169.15;167.40;168.65;168.321;1112680;187282685.51;4555;
2018-05-03;167.95;168.00;170.85;170.90;167.30;167.60;168.477;1326164;223427380.79;4196;
2018-05-02;170.45;170.50;171.10;172.40;169.90;170.45;170.855;1845066;315209955.33;6094;
2018-04-30;170.85;170.90;169.30;171.60;169.25;171.30;170.952;1161333;198530209.6;3625;
2018-04-27;169.05;169.10;168.90;169.30;167.75;169.30;168.682;828568;139763730.98;3070;
2018-04-26;168.50;168.55;166.75;169.35;166.65;168.90;168.392;1551387;261237501.07;4522;
2018-04-25;166.20;166.30;163.25;166.70;163.10;166.70;165.677;1974728;327168859.07;6487;
2018-04-24;163.30;163.35;162.00;166.70;161.95;163.55;164.527;1799749;296105592.05;6637;
2018-04-23;161.90;162.00;161.30;162.85;161.15;161.95;161.98;1613011;261330761.66;4890;
2018-04-20;161.00;161.10;160.40;162.10;159.90;161.00;161.249;2170120;350104756.94;5635;
2018-04-19;160.30;160.35;160.85;161.00;159.75;160.40;160.405;1545928;247998701.81;3215;
2018-04-18;160.60;160.75;160.00;161.00;158.90;160.30;160.04;455225;72854293.1;1747;
2018-04-17;160.55;160.65;158.75;161.15;158.75;160.65;160.192;1338430;214403789.02;5399;
2018-04-16;158.30;158.35;158.25;159.25;157.55;158.50;158.293;2651286;419691445.18;9612;
2018-04-13;166.85;167.00;164.30;168.55;164.30;166.85;166.925;2612294;436059068.44;8655;
2018-04-12;163.75;163.85;163.00;164.80;163.00;164.00;163.837;1246061;204152653.96;4788;
2018-04-11;163.20;163.25;164.75;166.95;162.60;162.85;164.107;2279193;374024398.75;7735;
2018-04-10;164.65;164.75;166.00;167.25;161.35;164.55;163.562;3194702;522532583.85;12155;
2018-04-09;167.30;167.45;167.15;169.40;166.60;167.25;167.672;1211969;203212177.62;4035;
2018-04-06;166.45;166.55;166.20;168.70;165.35;166.55;166.973;1043814;174288182.18;3545;
2018-04-05;166.70;166.80;165.50;166.90;164.00;166.85;165.837;1099573;182348639.77;3731;
2018-04-04;163.30;163.40;165.00;165.45;162.35;163.70;163.515;1417723;231818904.38;5308;
2018-04-03;164.90;165.00;168.00;168.85;164.20;164.60;165.669;2542876;422087673.51;6531;
2018-03-29;170.15;170.25;167.60;171.05;167.50;170.65;170.105;936496;159302737.9;2552;
2018-03-28;166.85;166.95;166.35;167.65;165.00;167.30;166.331;2040303;339265708.15;6175;
2018-03-27;168.25;168.40;167.95;169.50;166.80;168.30;168.23;1312865;220677395.94;3468;
2018-03-26;166.00;166.15;166.90;167.80;165.65;165.80;166.556;1435214;239104813.45;4272;
2018-03-23;166.45;166.60;165.50;168.55;164.70;166.60;166.11;1495392;248397922.64;5166;
2018-03-22;167.15;167.20;168.25;168.60;166.75;167.25;167.656;1763803;295860655.14;4929;
2018-03-21;169.40;169.50;169.35;169.90;168.50;169.10;169.238;987341;167095713.16;3406;
2018-03-20;169.40;169.45;170.10;170.65;168.30;169.35;169.166;809949;137015621.25;2911;
2018-03-19;169.90;170.00;171.65;171.65;169.10;169.80;170.065;1378903;234459860;3944;
2018-03-16;171.75;171.85;171.35;172.25;171.00;171.75;171.655;1686045;289417601.05;4786;
2018-03-15;171.25;171.30;168.90;171.70;168.85;171.35;170.44;1756847;299119768.85;4383;
2018-03-14;168.80;168.90;169.25;170.40;168.40;168.75;169.208;1041259;176189629.05;3552;
2018-03-13;168.80;168.90;171.30;173.05;168.05;168.90;170.493;1952236;332828410.66;6136;
2018-03-12;170.90;171.00;171.15;171.85;170.05;171.10;170.891;1234732;211018339.51;4223;
2018-03-09;170.40;170.50;167.80;171.65;167.05;170.35;169.703;1697108;288001436.41;5776;
2018-03-08;168.05;168.15;163.15;168.25;162.90;167.95;166.478;1498217;249417331.18;4484;
2018-03-07;162.70;162.80;164.35;164.40;161.70;162.85;162.805;1713790;279013989.05;5186;
2018-03-06;164.35;164.50;164.50;165.80;163.70;164.40;164.805;1364857;224934739.56;4540;
2018-03-05;163.50;163.60;161.10;164.15;161.10;163.50;163.12;1279933;208784001.18;4918;
2018-03-02;161.35;161.50;162.70;162.90;160.30;161.10;161.42;1668402;269316818.48;6217;
2018-03-01;163.85;164.00;165.05;165.75;163.50;163.65;164.291;1442368;236965008.1;4580;
2018-02-28;165.05;165.15;165.25;166.70;164.75;165.65;165.775;1599793;265200795.43;3972;
2018-02-27;165.65;165.75;166.50;167.45;165.40;165.40;166.237;998669;166017562.8;3924;
2018-02-26;165.80;165.90;167.50;167.70;165.65;165.95;166.395;1320161;219669052.83;5566;
2018-02-23;167.00;167.05;164.40;167.80;164.20;166.85;166.422;1824355;303610905.14;6778;
2018-02-22;164.20;164.30;162.50;164.30;161.65;163.95;163.135;1036135;169021188.98;3791;
2018-02-21;162.60;162.70;162.95;163.45;162.35;162.90;162.874;976177;161767213.05;3171;
2018-02-20;162.55;162.60;161.95;164.05;161.60;162.95;162.662;1465935;238447400.07;5004;
2018-02-19;162.20;162.30;164.60;164.70;162.05;162.35;163.316;1078494;177259235.35;3793;
2018-02-16;164.55;164.60;165.20;165.75;163.85;164.70;164.692;1412037;232660431.86;4245;
2018-02-15;164.05;164.15;165.50;165.50;162.50;164.30;164.23;1677303;275463023.68;5396;
2018-02-14;164.15;164.25;161.80;164.55;160.55;164.40;163.32;1706319;278676069.15;5534;
2018-02-13;160.80;160.90;161.05;162.95;160.75;160.85;161.492;1315071;212373441.96;5114;
2018-02-12;161.65;161.70;161.00;162.50;160.65;161.85;161.557;1314180;212304967.01;5164;
2018-02-09;158.90;159.00;159.10;161.90;158.25;159.05;160.002;2110543;337680542.14;7270;
2018-02-08;160.00;160.10;162.55;163.60;159.25;159.60;160.851;1779301;286196844.7;5660;
2018-02-07;162.60;162.75;160.00;163.50;158.50;162.60;161.31;2661360;429253207.98;8302;
2018-02-06;158.30;158.40;155.00;160.40;152.65;158.60;157.522;2814354;443338325.51;12329;
2018-02-05;159.30;159.35;162.30;162.30;158.40;159.65;160.014;2573620;411812865.9;9712;
2018-02-02;163.45;163.50;160.50;164.35;160.00;163.25;162.231;3011636;488575487.16;10867;
2018-02-01;158.50;158.60;165.00;168.30;158.20;158.90;161.005;2951145;475160432.81;10432;
2018-01-31;160.35;160.45;160.00;161.30;159.85;160.15;160.376;2280152;365681505.85;5202;
2018-01-30;159.90;160.00;162.00;162.45;159.75;159.95;160.576;1417549;227624036;4926;
2018-01-29;162.05;162.15;162.50;163.70;161.60;162.00;162.602;1156587;188077710.07;4135;
2018-01-26;161.90;162.00;160.25;162.30;159.60;161.80;161.332;2256346;364046755.58;4787;
2018-01-25;160.10;160.25;161.00;162.65;159.70;160.20;160.88;1907360;306855588.85;5530;
2018-01-24;161.10;161.15;162.75;162.80;160.70;161.05;161.357;1443378;232895158.98;4492;
2018-01-23;163.15;163.20;162.70;163.85;161.80;163.00;162.863;1631847;265770907.81;5398;
2018-01-22;162.60;162.70;160.40;163.00;160.40;162.20;162.166;1833276;298256577.21;5336;
2018-01-19;160.30;160.40;161.95;162.25;160.05;160.25;160.744;2380758;382692040.62;7789;
2018-01-18;161.10;161.20;159.65;163.55;156.90;161.50;160.888;4456842;717168190.65;15129;
2018-01-17;159.15;159.25;164.40;164.90;159.10;159.10;162.021;8117407;1315415136.03;27410;
2018-01-16;172.90;173.00;173.05;173.95;172.20;173.10;173.148;1152381;199532452.4;3942;
2018-01-15;173.45;173.55;173.50;174.00;172.35;173.55;173.306;1017398;176283422.06;3311;
2018-01-12;172.85;173.00;172.60;174.35;171.70;173.55;173.119;1319690;228462329.66;4387;
2018-01-11;172.95;173.05;174.90;174.90;172.35;172.75;173.26;1287614;223092215.05;4341;
2018-01-10;174.55;174.60;174.00;174.60;172.60;174.60;173.705;1577768;274062101.85;4910;
2018-01-09;173.60;173.70;171.20;176.95;171.20;173.55;174.03;2227095;387581349.77;7726;
2018-01-08;170.50;170.60;170.65;171.15;170.05;170.30;170.498;1296416;221037336.76;4091;
2018-01-05;169.70;169.80;168.80;170.10;168.30;169.65;169.582;721737;122394279.07;2518;
2018-01-04;168.70;168.75;167.35;170.45;167.30;168.75;168.973;2694929;454370693.7;5028;
2018-01-03;166.95;167.00;168.00;168.90;166.50;167.00;167.343;1581626;264675312.32;5386;
2018-01-02;168.00;168.10;170.50;170.55;167.85;167.90;168.708;1818643;306840852.34;6205;
2017-12-29;170.10;170.30;171.00;171.40;170.00;170.00;170.604;1070152;182577560.1;3581;
2017-12-28;170.70;170.90;170.20;171.30;168.70;170.40;170.622;1155132;197088841.15;4246;
2017-12-27;169.80;169.90;170.80;173.10;169.60;170.20;170.718;1440994;246004057.45;5084;
2017-12-22;170.70;170.80;171.50;171.50;170.00;171.00;170.558;1217293;207619480.4;4500;
2017-12-21;170.90;171.10;170.90;171.20;170.10;171.00;170.792;1159714;198072841.35;3416;
2017-12-20;170.90;171.00;171.80;172.50;170.80;170.90;171.341;2293878;393180921.8;4935;
2017-12-19;171.60;171.70;171.80;173.20;170.70;171.50;171.754;2406231;415664750.55;6135;
2017-12-18;171.50;171.60;172.60;173.00;169.10;171.80;171.258;3343140;574192453.91;8988;
2017-12-15;172.10;172.20;178.80;178.90;170.60;171.90;172.366;5735286;988302882.65;16229;
2017-12-14;181.50;181.70;181.90;183.90;181.20;181.20;182.389;2112356;385297166.45;3705;
2017-12-13;182.40;182.60;181.80;183.00;179.00;182.30;181.41;1609697;292025690.75;5571;
2017-12-12;182.60;182.80;183.30;184.80;182.20;183.00;183.268;917287;168109514.3;2779;
2017-12-11;183.20;183.40;182.60;185.00;181.90;183.30;183.376;1871610;343026838.65;3566;
2017-12-08;182.90;183.10;183.10;185.00;182.50;182.70;183.391;1179350;216287016.35;3533;
2017-12-07;181.50;181.70;181.30;183.90;181.20;181.40;181.971;1146429;208618992.2;3074;
2017-12-06;181.90;182.10;181.40;182.50;179.90;181.40;181.138;1248960;226231655.65;3990;
2017-12-05;184.40;184.60;184.60;186.90;183.50;184.00;184.886;1099484;203289931.85;3763;
2017-12-04;185.20;185.40;180.00;185.50;179.80;185.20;183.861;1804132;331710100.1;4279;
2017-12-01;179.30;179.60;184.00;184.00;178.90;178.90;180.259;1385887;249820492.55;5008;
2017-11-30;184.10;184.30;182.10;184.50;181.20;183.60;183.394;1624122;297855293.95;3525;
2017-11-29;182.10;182.30;181.40;182.50;181.00;182.30;181.903;955896;173868054.2;2778;
2017-11-28;180.50;180.60;177.90;180.90;177.80;180.50;180.046;1189371;214128252.8;3908;
2017-11-27;177.80;178.00;180.00;180.50;177.70;177.90;178.699;1303776;233011480.35;4374;
2017-11-24;180.00;180.20;181.00;181.80;179.90;180.00;180.583;703401;127034929.55;2678;
2017-11-23;181.40;181.60;180.00;182.10;179.90;181.10;181.157;1016566;184179748.95;3119;
2017-11-22;180.60;180.80;181.70;182.30;180.40;180.40;181.195;741631;134379964;2600;
2017-11-21;181.40;181.60;180.50;183.10;180.00;181.50;181.565;898657;163005625.05;3046;
2017-11-20;180.90;181.00;181.00;181.60;179.80;181.30;181.083;895075;162091892.2;2526;
2017-11-17;182.00;182.10;183.60;183.70;181.30;181.30;182.043;1332672;242630654.45;3644;
2017-11-16;184.10;184.30;183.40;184.70;182.70;184.20;183.848;874762;160823051.95;2835;
2017-11-15;182.60;182.80;182.10;182.90;181.50;182.50;182.166;1157754;210911680.7;3971;
2017-11-14;182.50;182.70;182.00;184.30;181.70;182.70;183.039;1091957;199839103.85;3482;
2017-11-13;181.60;181.70;182.50;182.90;180.50;181.70;181.568;873348;158569445.45;3315;
2017-11-10;182.60;182.70;183.00;183.90;181.80;182.70;182.771;840945;153700486.35;3110;
2017-11-09;183.40;183.60;184.60;185.10;182.60;183.50;183.713;1085003;199329000.75;3489;
2017-11-08;184.90;185.00;186.20;187.60;184.80;185.20;185.811;1434724;266605681.45;4466;
2017-11-07;186.20;186.30;187.00;188.40;185.70;186.10;186.871;1562311;291951041.35;4300;
2017-11-06;187.40;187.50;185.50;188.50;185.00;186.60;186.666;2444929;456385806.3;7173;
2017-11-03;184.50;184.60;183.10;184.60;182.50;184.60;183.672;713865;131116695;2554;
2017-11-02;182.10;182.20;181.90;183.20;181.80;182.30;182.347;994497;181343180.7;3390;
2017-11-01;181.30;181.40;183.70;184.20;181.30;181.70;182.402;1511132;275633430.5;5240;
2017-10-31;183.70;183.80;182.20;184.20;181.70;183.70;183.018;1752354;320699178.15;5893;
2017-10-30;181.40;181.50;177.90;182.30;177.00;181.60;180.357;3551249;640496380.8;10540;
2017-10-27;174.30;174.40;179.30;179.30;171.50;175.10;173.927;7310811;1271574650.4;24618;
2017-10-26;184.60;184.80;182.10;185.20;181.40;185.20;183.208;1535235;281267514.65;5070;
2017-10-25;182.30;182.50;183.40;184.50;182.10;182.60;183.075;1116739;204447097.45;3767;
2017-10-24;183.80;183.90;183.00;184.90;183.00;183.30;183.549;1153936;211583307;3565;
2017-10-23;183.30;183.40;183.60;185.10;183.00;183.30;183.705;1187033;218093180.9;3848;
2017-10-20;183.60;183.80;184.00;185.10;183.40;183.70;183.984;1154836;212472213.55;3717;
2017-10-19;183.30;183.40;182.00;183.60;181.80;183.60;183.086;1248095;228474240.95;3309;
2017-10-18;182.60;182.70;181.60;183.40;181.00;182.40;182.384;1271877;231969593.85;3812;
2017-10-17;182.00;182.20;184.20;184.50;180.70;181.70;182.25;2056859;374866706.1;6589;
2017-10-16;184.90;185.10;186.10;186.40;185.00;185.20;185.513;942179;174788630.1;3399;
2017-10-13;186.80;186.90;185.60;187.80;185.40;186.40;186.688;1561023;291431177.95;4520;
2017-10-12;185.90;186.10;185.50;187.00;184.70;185.60;185.789;1141383;212056182.65;3644;
2017-10-11;185.60;185.70;185.00;187.50;184.80;185.30;185.95;1501371;279195577.75;3975;
2017-10-10;184.90;185.00;185.50;185.50;184.00;184.60;184.581;1793052;330966966.7;3917;
2017-10-09;185.40;185.60;186.80;187.60;185.20;185.20;185.884;1842864;342560267.27;4561;
2017-10-06;186.80;187.00;190.00;190.10;186.10;186.80;187.364;1620007;303529541.65;6199;
2017-10-05;190.40;190.60;191.10;192.20;189.90;190.20;190.665;987766;188332348.75;3660;
2017-10-04;191.30;191.50;190.70;192.00;189.30;191.10;190.863;1402135;267615529.65;4957;
2017-10-03;190.30;190.50;188.10;190.60;187.20;190.30;189.081;1747534;330080080.5;4175;
2017-10-02;187.90;188.10;188.90;189.50;187.40;188.00;188.264;1045862;196897192.5;4067;
2017-09-29;188.80;188.90;188.00;189.70;186.90;188.70;188.279;1539440;289844735.8;4999;
2017-09-28;187.70;187.80;187.50;188.00;185.70;187.60;187.226;1543465;288976299.35;5049;
2017-09-27;187.20;187.30;182.40;187.30;182.40;186.90;186.003;2304243;428604802.9;7188;
2017-09-26;180.60;180.70;179.70;181.00;179.10;180.50;180.235;1120642;202177289.05;3865;
2017-09-25;179.70;179.80;182.40;182.40;179.10;179.60;179.989;1550510;279074511.65;7170;
2017-09-22;182.30;182.40;180.80;183.40;180.10;182.10;181.892;1201251;218497358.65;4592;
2017-09-21;180.80;181.00;179.00;181.30;179.00;180.80;180.216;1055640;190243594.2;3420;
2017-09-20;178.60;178.80;179.30;180.40;177.90;178.60;178.769;1056146;188805699.7;4214;
2017-09-19;179.70;179.80;180.20;181.90;179.60;179.60;180.394;1662103;299797747.6;4382;
2017-09-18;180.20;180.30;178.40;180.40;178.30;180.40;179.838;1470389;264470537.2;3352;
2017-09-15;178.10;178.30;179.80;180.50;177.80;177.80;178.571;1690078;301798965.9;4551;
2017-09-14;179.50;179.70;180.00;181.00;179.20;179.60;179.933;1231692;221622089.1;3709;
2017-09-13;179.80;179.90;182.30;182.40;179.40;180.30;180.317;1247944;225025998.1;3943;
2017-09-12;182.10;182.20;182.50;183.70;181.70;182.20;182.827;1942935;355298160.15;5124;
2017-09-11;181.90;182.10;179.50;182.30;179.50;182.00;181.70;1482051;269315119.8;4224;
2017-09-08;178.40;178.50;178.60;179.40;177.90;178.80;178.627;773741;138210543.15;2714;
2017-09-07;178.90;179.00;177.00;179.00;176.30;178.70;177.84;1262214;224474412.85;4148;
2017-09-06;176.40;176.60;177.80;178.70;176.50;176.80;177.565;1178065;209183161.95;4399;
2017-09-05;178.40;178.60;179.00;179.50;178.10;178.60;178.747;929978;166234511.2;3619;
2017-09-04;178.70;178.80;178.50;179.50;177.70;179.00;178.72;875640;156494189.2;3509;
2017-09-01;179.60;179.70;180.30;181.50;179.30;179.40;180.294;1746531;314860985.3;5794;
2017-08-31;180.20;180.30;178.00;180.70;176.50;179.50;179.478;2494579;447722100;7235;
2017-08-30;176.90;177.10;174.10;177.40;174.10;177.00;176.265;1947445;343267409.15;6843;
2017-08-29;172.30;172.50;173.70;174.20;171.60;172.20;172.331;1107894;190931037.5;4089;
2017-08-28;173.40;173.60;175.00;175.70;173.40;173.70;174.355;613189;106912388.1;3105;
2017-08-25;175.50;175.70;174.10;175.80;174.10;175.40;175.272;1045496;183245858.6;4182;
2017-08-24;173.80;174.00;176.00;176.30;173.30;174.00;174.396;1047095;182609118.7;4402;
2017-08-23;175.70;175.90;177.20;177.60;175.60;175.80;176.42;895798;158031274.55;4335;
2017-08-22;177.00;177.10;175.90;177.60;175.10;177.20;176.168;1491191;262553409.65;5686;
2017-08-21;175.60;175.70;177.40;177.70;174.70;175.50;175.947;1702062;299624726.7;5520;
2017-08-18;177.90;178.00;177.80;178.90;177.10;178.00;178.034;1787982;318339720.25;5726;
2017-08-17;179.10;179.20;182.00;182.00;178.80;179.00;179.981;1702750;306461749.1;6833;
2017-08-16;182.30;182.50;182.00;183.40;181.80;182.30;182.511;1210780;220980405.4;3820;
2017-08-15;181.50;181.60;183.20;183.50;181.50;181.70;182.281;886241;161544979.7;3648;
2017-08-14;182.80;183.00;182.20;183.70;182.20;183.20;183.10;970315;177665025.6;3918;
2017-08-11;181.80;182.00;183.00;183.20;181.60;181.80;182.147;791532;144175696.65;3168;
2017-08-10;183.10;183.30;185.00;185.10;183.10;183.60;184.018;949582;174740299.5;3178;
2017-08-09;184.80;185.00;184.40;186.10;183.80;184.90;185.153;1190857;220489576.75;4348;
2017-08-08;185.60;185.80;183.50;185.80;182.90;185.40;184.966;898645;166218768.2;3221;
2017-08-07;183.60;183.70;183.40;184.40;182.90;183.70;183.643;634098;116447807;3202;
2017-08-04;183.30;183.40;182.90;184.00;181.50;183.40;183.015;920427;168451209.2;4116;
2017-08-03;182.90;183.10;182.30;184.60;181.30;182.80;182.845;1118485;204508715.5;4265;
2017-08-02;182.60;182.80;184.60;185.30;182.00;182.60;183.054;1742510;319178333.45;5877;
2017-08-01;184.60;184.70;183.20;185.60;183.10;184.60;184.681;1311765;242258294;4559;
2017-07-31;184.30;184.50;185.10;185.70;183.60;183.60;184.20;2606340;480088183.75;5480;
2017-07-28;185.50;185.60;187.50;188.00;184.50;185.40;185.421;1285075;238279553.9;5448;
2017-07-27;187.70;187.80;187.50;189.60;187.10;187.60;187.988;1127122;211884944.75;3941;
2017-07-26;187.50;187.70;187.50;189.50;187.20;187.50;188.001;992284;186549972.7;3866;
2017-07-25;187.30;187.50;187.00;190.10;187.00;187.50;188.276;1337359;252024783.2;4969;
2017-07-24;187.10;187.20;189.40;190.00;187.00;187.00;187.787;1167330;219209914.1;4794;
2017-07-21;189.60;189.80;191.50;191.70;187.20;189.40;189.459;1904236;360774533.45;6629;
2017-07-20;191.70;192.00;193.80;197.40;191.10;192.00;193.768;2321465;450526011.7;6348;
2017-07-19;194.00;194.10;194.60;195.30;190.70;193.80;192.635;1649532;317701561.65;5035;
2017-07-18;193.20;193.40;196.00;196.40;192.20;193.30;193.881;2102871;407763849;6787;
2017-07-17;196.20;196.40;194.00;198.10;191.90;196.30;195.542;3059876;598332975.25;9275;
2017-07-14;193.30;193.50;199.50;199.80;192.60;193.80;195.794;6743398;1320145609;20288;
2017-07-13;206.20;206.30;206.70;207.40;205.70;206.50;206.49;1118237;230905204.1;3405;
2017-07-12;206.30;206.50;203.50;206.70;203.50;206.70;205.842;1360857;280120731.8;3865;
2017-07-11;203.50;203.70;205.20;206.00;203.60;204.00;204.605;1125567;230298480.4;3007;
2017-07-10;205.10;205.20;204.90;206.10;203.80;205.00;205.181;1083764;222368179.2;3047;
2017-07-07;203.80;204.00;204.10;204.70;203.60;204.10;203.955;807062;164604516.3;3092;
2017-07-06;204.10;204.20;204.70;205.30;203.40;204.10;203.971;1518301;309677074.3;5275;
2017-07-05;205.50;205.70;204.00;205.80;202.60;205.40;204.671;1095399;224196269.1;3657;
2017-07-04;204.30;204.50;204.00;204.60;203.40;204.00;204.172;886709;181038862.35;3134;
2017-07-03;204.30;204.50;200.30;205.30;200.30;204.50;202.947;1929403;391567814.65;5789;
2017-06-30;199.90;200.10;199.90;201.70;199.60;199.90;200.403;1163936;233256666.8;4108;
2017-06-29;199.90;200.00;204.50;204.70;199.10;199.90;201.083;1830019;367936204.6;6224;
2017-06-28;204.20;204.40;204.60;204.60;202.20;204.50;203.473;1425499;290054006.15;5396;
2017-06-27;204.80;204.90;207.40;207.60;204.50;204.80;205.656;1272503;261699286.85;4241;
2017-06-26;207.40;207.50;205.70;208.60;205.70;207.50;207.579;1375506;285528140.6;4505;
2017-06-22;208.40;208.50;210.50;210.70;208.10;208.10;208.911;1303757;272369522.6;4333;
2017-06-21;210.40;210.60;213.00;213.00;210.20;210.70;211.018;1552982;327706376.4;5038;
2017-06-20;213.50;213.60;212.00;213.70;211.00;213.10;212.82;1694421;360613788.95;5153;
2017-06-19;212.00;212.20;210.00;212.10;209.90;211.50;211.311;1461403;308663690.4;4872;
2017-06-16;207.40;207.60;205.80;208.60;205.70;207.70;207.368;1344817;278871584.8;4358;
2017-06-15;205.40;205.60;206.80;207.00;204.60;205.60;205.537;1353987;278294668.95;4283;
2017-06-14;206.70;206.80;206.90;208.00;206.30;206.50;207.089;989231;204860226.95;3537;
2017-06-13;206.50;206.60;206.40;207.20;205.60;206.80;206.524;1133723;234142816.9;3820;
2017-06-12;206.10;206.20;207.00;207.00;205.60;206.40;206.271;988735;203947300.1;3663;
2017-06-09;207.50;207.70;204.80;207.90;204.70;207.60;206.895;1241195;256797456.3;4267;
2017-06-08;205.10;205.20;205.00;205.90;204.40;205.20;205.114;1323338;271437958.1;4505;
2017-06-07;205.20;205.40;207.30;207.60;203.80;205.30;205.711;1836001;377698656.5;6021;
2017-06-05;208.70;208.90;209.00;209.70;208.20;208.30;208.734;900940;188057110.1;3172;
2017-06-02;209.00;209.10;207.00;209.50;207.00;208.90;208.929;1185454;247647073.95;3447;
2017-06-01;207.60;207.70;206.90;208.60;206.50;207.30;207.812;1169319;243005604.35;4012;
2017-05-31;207.40;207.50;207.20;208.10;206.70;206.90;207.151;2285211;473384651.5;5410;
2017-05-30;207.40;207.50;206.10;207.80;205.60;207.40;207.101;984584;203907552.3;3241;
2017-05-29;206.50;206.60;205.30;207.00;204.50;206.80;206.136;871072;179559076.8;3109;
2017-05-26;205.30;205.40;204.70;205.70;203.60;205.40;204.872;940590;192700806.55;3703;
2017-05-24;204.70;204.80;205.10;205.60;204.20;205.30;205.027;784494;160842198.3;2502;
2017-05-23;205.50;205.60;205.10;206.40;204.70;205.50;205.453;852043;175054544.65;3330;
2017-05-22;205.60;205.70;206.50;206.90;205.20;205.30;205.884;1411601;290908220.45;4309;
2017-05-19;205.40;205.60;205.00;206.70;204.80;205.80;205.647;1190322;244786028.6;4494;
2017-05-18;205.30;205.40;208.80;209.00;204.10;205.30;205.955;2116171;435837543.55;7667;
2017-05-17;209.20;209.40;212.80;213.50;209.20;209.40;211.218;1436713;303465273.52;4952;
2017-05-16;214.40;214.60;215.30;215.90;214.10;214.20;214.738;1003091;215397957.4;3694;
2017-05-15;214.80;214.90;215.70;216.40;214.30;215.00;215.08;1088030;234013801.6;3556;
2017-05-12;215.70;215.80;216.90;217.60;215.00;215.60;215.984;850171;183622823.45;3370;
2017-05-11;216.80;216.90;215.80;218.30;215.60;216.90;217.077;1626230;353019889.35;5657;
2017-05-10;215.70;215.90;216.40;217.30;215.60;215.80;216.079;1118442;241672497.4;3770;
2017-05-09;216.70;216.90;212.40;216.80;212.40;216.50;215.308;1760971;379261673.55;5110;
2017-05-08;212.10;212.20;212.30;212.60;211.00;212.10;211.892;1473627;312249204.6;4938;
2017-05-05;211.70;211.90;212.20;215.10;210.20;212.30;212.362;1815321;385503094.5;6206;
2017-05-04;212.50;212.60;212.50;213.30;210.70;212.40;212.106;1491922;316389567.6;3859;
2017-05-03;211.00;211.20;212.70;213.20;210.90;211.30;211.64;882676;186809214.2;3279;
2017-05-02;212.50;212.60;211.50;213.20;210.40;212.70;212.056;1320909;280106435.4;4846;
2017-04-28;211.80;212.00;213.40;213.90;210.10;211.90;211.579;1594001;337257687.4;6084;
2017-04-27;213.20;213.40;211.20;214.00;210.20;213.10;212.97;1299519;276758962;4367;
2017-04-26;211.20;211.30;212.60;213.50;211.20;211.20;211.851;1377273;291787791.6;3965;
2017-04-25;212.80;213.00;213.00;214.50;211.80;212.70;213.128;1692514;360722130.45;5177;
2017-04-24;212.50;212.60;212.90;214.00;211.50;212.90;212.581;1240594;263811013.8;4277;
2017-04-21;209.90;210.00;206.10;210.40;206.10;209.40;209.352;1833465;383839583.45;5701;
2017-04-20;206.00;206.20;206.50;206.90;204.30;206.10;205.847;1880721;387140451.9;5882;
2017-04-19;206.80;206.90;207.00;207.90;206.50;206.50;206.899;1278721;264566233.55;4386;
2017-04-18;207.00;207.10;208.10;208.50;205.60;207.30;207.015;1686469;349168291.15;5776;
2017-04-13;208.10;208.20;209.00;209.60;207.40;207.50;208.186;826013;171979741.45;2745;
2017-04-12;209.10;209.20;209.30;210.50;208.60;209.20;209.475;1107123;231913645.5;4298;
2017-04-11;209.00;209.10;206.20;209.30;205.30;208.80;208.269;1604300;334126672.65;5726;
2017-04-10;206.70;206.80;205.60;207.00;204.70;206.50;206.213;1354192;279251628.5;4702;
2017-04-07;205.20;205.40;204.00;205.50;203.00;205.50;204.324;1248908;255181015.1;4048;
2017-04-06;204.80;204.90;200.20;205.00;198.50;205.00;202.935;2274122;461437854.45;7253;
2017-04-05;200.60;200.80;202.20;202.50;200.50;200.90;201.573;1700487;342815533.55;6417;
2017-04-04;210.30;210.50;209.00;211.90;208.40;210.30;210.755;2226909;469356763.45;6995;
2017-04-03;208.50;208.70;211.60;211.90;208.50;209.00;209.92;1182515;248234014.1;4630;
2017-03-31;210.50;210.60;210.20;211.00;207.70;211.00;209.693;1475964;309498716.6;4809;
2017-03-30;210.10;210.20;208.40;210.50;208.00;210.20;209.308;995988;208466279.95;3454;
2017-03-29;208.30;208.50;208.70;209.30;207.10;208.40;208.293;1421823;296161097.65;5163;
2017-03-28;208.10;208.30;207.40;208.60;206.30;208.00;207.63;1057609;219592200.6;3402;
2017-03-27;207.10;207.20;208.60;208.80;206.10;206.90;206.943;1479799;306234283.65;5649;
2017-03-24;208.50;208.60;211.70;212.10;208.60;209.20;209.48;1259019;263736781.3;3586;
2017-03-23;211.60;211.70;210.10;212.20;209.60;211.70;211.217;912268;192686167.25;3683;
2017-03-22;210.00;210.10;211.00;211.20;208.30;210.20;209.747;1219690;255825893.4;4727;
2017-03-21;211.20;211.40;214.10;214.20;211.10;211.30;212.21;1268724;269236760.35;4877;
2017-03-20;213.70;213.80;212.80;214.60;212.40;213.80;213.765;1206409;257834077.8;3878;
2017-03-17;212.60;212.80;211.50;212.90;211.00;212.60;212.106;1305541;276916518.26;4556;
2017-03-16;211.50;211.60;212.00;212.70;210.70;211.50;211.793;1666448;352941531.1;5513;
2017-03-15;210.80;210.90;211.00;211.80;210.50;210.50;211.004;1471778;310550894.95;4621;
2017-03-14;210.40;210.50;213.00;213.10;209.70;210.40;210.778;1730277;364985401.55;5553;
2017-03-13;212.70;212.90;214.60;214.70;212.20;213.00;213.315;1120061;238926260.5;4421;
2017-03-10;213.90;214.10;215.70;216.10;213.80;214.20;214.672;833956;179028216.2;2998;
2017-03-09;215.30;215.40;214.30;215.50;213.40;215.30;214.597;1168278;250708467.9;3962;
2017-03-08;214.90;215.00;214.40;215.70;213.80;214.80;214.937;999807;214895605.15;3798;
2017-03-07;214.40;214.50;216.00;216.00;214.20;214.40;214.672;1650108;354232051.9;6343;
2017-03-06;216.00;216.20;216.40;216.40;214.70;215.80;215.677;704254;151891639.4;2974;
2017-03-03;216.10;216.30;217.00;217.70;215.70;216.40;216.627;930256;201508055.8;3722;
2017-03-02;217.10;217.20;219.80;220.10;217.00;217.30;217.795;1028316;223963116.95;4495;
2017-03-01;218.50;218.60;217.20;220.10;217.10;218.70;218.658;1574882;344360463.95;6510;
2017-02-28;215.80;216.00;216.00;216.90;214.20;215.20;215.331;1295206;278910828.45;3381;
2017-02-27;215.30;215.50;215.70;216.30;213.50;215.10;214.804;907546;194943908.2;3750;
2017-02-24;214.30;214.40;217.10;217.80;213.10;214.50;215.155;1443989;310682043.2;5767;
2017-02-23;217.20;217.40;219.20;219.60;216.90;217.50;217.745;1314892;286307406.55;4096;
2017-02-22;218.70;218.80;219.00;219.80;217.60;218.90;218.604;1064958;232803644.8;4215;
2017-02-21;219.10;219.20;218.10;219.40;217.30;218.90;218.66;976684;213560951.25;3737;
2017-02-20;217.70;217.80;217.70;218.50;216.20;217.40;217.493;932392;202727803.1;3344;
2017-02-17;217.20;217.30;216.30;217.80;215.60;216.80;216.679;1489879;322765334.8;5353;
2017-02-16;216.80;216.90;219.40;220.30;216.30;216.50;217.074;1446054;313901181.5;5388;
2017-02-15;219.00;219.10;219.00;220.40;217.90;219.10;219.10;1177746;258044427.4;4248;
2017-02-14;218.00;218.20;219.20;219.40;217.00;218.10;218.131;1218254;265738657.4;4486;
2017-02-13;218.80;218.90;217.00;219.20;215.80;218.70;218.264;1140357;248899110.1;4459;
2017-02-10;216.20;216.30;218.20;218.30;216.20;216.30;216.925;1483123;321726079.9;4946;
2017-02-09;217.20;217.40;219.00;219.00;215.90;217.30;217.14;1850223;402168889.65;5369;
2017-02-08;218.30;218.40;219.50;220.30;217.60;218.80;218.741;1365031;298590042.8;4595;
2017-02-07;219.30;219.40;219.00;221.10;218.00;218.90;219.777;1413436;310650033.15;5866;
2017-02-06;218.80;219.00;227.00;227.60;218.00;218.80;220.373;2785500;613370784.45;10563;
2017-02-03;227.30;227.40;223.00;229.70;222.20;226.60;226.419;3351263;758782797.05;12244;
2017-02-02;214.80;214.90;215.00;215.40;213.60;214.80;214.59;1295719;278048958.1;5147;
2017-02-01;215.40;215.60;214.90;216.90;214.40;215.50;215.822;993123;214337641.9;4396;
2017-01-31;214.20;214.40;211.60;216.60;209.90;214.00;214.594;1846587;396273213.97;6556;
2017-01-30;217.80;217.90;220.30;220.80;217.60;217.80;218.569;803889;175704379.4;3613;
2017-01-27;219.80;220.00;220.20;221.80;219.30;220.20;220.298;939072;206876045.6;3569;
2017-01-26;219.40;219.60;220.40;220.90;219.30;220.10;219.997;1036961;228128543.5;4464;
2017-01-25;219.90;220.10;219.00;220.80;218.90;220.20;219.973;1240356;272843810.65;4732;
2017-01-24;217.60;217.70;216.40;218.60;216.10;217.80;217.556;1055061;229534260.55;4452;
2017-01-23;216.20;216.40;216.00;217.70;214.80;216.00;216.276;1711598;369843134.95;5814;
2017-01-20;215.70;215.80;212.10;216.10;211.90;215.70;214.816;1025839;220356113.4;3859;
2017-01-19;211.90;212.00;214.50;214.50;211.80;212.40;212.531;1178957;250391087.9;3065;
2017-01-18;214.10;214.20;212.00;214.40;210.30;214.40;213.307;1170203;249611771.5;4108;
2017-01-17;211.50;211.70;213.50;213.50;210.10;211.70;211.453;785757;166150515.2;2828;
2017-01-16;213.50;213.60;214.20;214.60;212.60;213.50;213.527;636449;135878408.33;2045;
2017-01-13;214.40;214.60;213.20;214.80;211.80;214.40;213.692;953629;203780798.95;3453;
2017-01-12;212.10;212.20;216.00;216.10;211.80;212.20;212.963;1329551;283143499.1;4600;
2017-01-11;216.20;216.30;215.00;217.00;215.00;215.90;216.203;1002345;216732040.18;3441;
2017-01-10;215.20;215.30;213.20;215.40;212.40;215.00;214.335;1001961;214755396.9;3428;
2017-01-09;213.00;213.10;212.00;213.10;210.60;212.70;212.158;1371452;290958063.85;3739;
2017-01-05;212.70;212.90;214.80;214.90;211.40;212.10;212.616;649758;138148712.75;2538;
2017-01-04;214.90;215.00;217.00;217.40;214.60;215.00;215.314;673342;144979600;2685;
2017-01-03;216.50;216.60;217.50;218.30;216.40;216.40;217.275;849924;184677046.25;3033;
2017-01-02;217.40;217.50;214.80;217.90;214.10;217.00;217.114;558798;121322833.35;2303;
2016-12-30;216.10;216.30;215.40;216.30;214.90;215.10;215.275;767653;165256301;2090;
2016-12-29;215.50;215.70;216.00;216.30;215.10;215.80;215.796;485174;104698346.75;1933;
2016-12-28;216.30;216.50;217.10;217.60;216.40;216.60;216.913;436181;94615297.35;2090;
2016-12-27;217.70;217.80;217.10;218.30;217.00;217.80;217.836;351186;76501136.25;1737;
2016-12-23;217.00;217.10;216.00;217.50;216.00;217.10;217.046;412954;89630110.5;1793;
2016-12-22;215.30;215.40;216.00;216.10;214.10;215.60;215.141;723829;155725267.3;2933;
2016-12-21;216.10;216.30;217.60;217.80;215.90;216.60;216.77;842231;182570481.9;3057;
2016-12-20;217.10;217.20;218.40;219.80;216.90;217.10;217.72;1417583;301428753.15;2827;
2016-12-19;218.20;218.30;217.80;219.70;217.30;218.40;218.626;1504267;327708602.1;3228;
2016-12-16;217.60;217.70;218.00;218.60;216.70;217.70;217.672;1168168;254277072.45;4183;
2016-12-15;218.10;218.30;215.30;218.30;215.30;218.10;216.987;1266103;274727427.05;4669;
2016-12-14;215.70;215.90;216.50;216.80;213.70;215.70;215.672;1502445;324028357.1;4714;
2016-12-13;216.30;216.40;213.90;216.40;213.30;216.30;215.488;1597495;344240990.35;5677;
2016-12-12;215.00;215.10;219.10;219.60;214.60;215.00;215.718;2037683;439550780.85;5892;
2016-12-09;218.40;218.60;218.00;220.00;217.20;218.70;219.031;1174827;257323856.2;4325;
2016-12-08;218.00;218.10;217.70;218.60;216.80;218.50;217.888;988906;215470425.6;3770;
2016-12-07;216.30;216.50;215.90;217.60;214.50;216.60;216.13;1031141;222859818.3;4031;
2016-12-06;214.80;215.00;212.80;215.50;211.10;215.50;214.437;1170464;250985642.4;3118;
2016-12-05;212.60;212.70;209.80;213.80;209.70;212.50;212.627;867582;184471741.3;3356;
2016-12-02;210.50;210.60;212.40;212.50;209.70;210.50;210.722;1113944;234732858.1;3501;
2016-12-01;212.40;212.60;212.30;213.60;211.20;212.70;212.582;839675;178500158.5;3351;
2016-11-30;211.40;211.50;209.00;212.60;209.00;212.00;211.382;1750080;369892218.5;4092;
2016-11-29;208.50;208.70;209.50;211.80;208.20;208.90;209.53;843620;176765821.15;3644;
2016-11-28;209.70;209.90;210.60;211.20;208.20;209.50;210.042;1272614;267302063.08;4199;
2016-11-25;210.30;210.50;208.60;210.70;207.40;210.60;209.724;687858;144260096.1;2825;
2016-11-24;207.80;208.00;207.60;209.20;207.40;208.20;208.234;539419;112325510;2227;
2016-11-23;207.30;207.50;207.50;208.80;206.80;207.30;207.70;809387;166767459.55;2790;
2016-11-22;207.20;207.30;207.30;209.90;205.30;207.20;207.386;1526446;316723226.9;4024;
2016-11-21;205.90;206.00;208.50;208.50;205.00;206.10;206.404;724818;149130699.7;2922;
2016-11-18;207.50;207.60;207.00;209.20;205.90;207.40;207.774;1111759;230999651.65;4321;
2016-11-17;206.00;206.10;205.00;206.50;204.70;206.10;205.793;1112980;229043127.7;3233;
2016-11-16;204.50;204.70;207.00;207.90;204.10;204.60;205.404;1140260;234213942.95;3907;
2016-11-15;206.60;206.70;202.70;206.70;202.00;206.50;205.103;1498240;307293184.9;3477;
2016-11-14;201.50;201.70;204.30;206.10;201.00;201.90;202.702;1201250;243496035;4436;
2016-11-11;203.20;203.40;205.20;207.30;202.70;202.70;203.937;1235669;252000931.15;3989;
2016-11-10;204.60;204.70;205.00;209.50;203.30;204.20;206.406;2620467;541108623.4;7957;
2016-11-09;203.30;203.50;188.20;205.40;188.20;203.80;201.036;3327953;668748119.85;10764;
2016-11-08;195.30;195.50;195.00;195.50;193.20;194.90;194.667;775070;150880133.4;2366;
2016-11-07;194.20;194.40;192.60;194.50;191.50;194.50;193.887;881024;170805652.6;2865;
2016-11-04;191.40;191.50;193.00;193.00;190.70;191.50;191.43;608550;116494807;2005;
2016-11-03;193.20;193.30;193.00;195.20;192.50;193.20;193.768;1077394;208764505.2;3563;
2016-11-02;192.80;193.00;194.20;194.50;192.40;193.00;193.218;1170732;226191661.3;4212;
2016-11-01;194.30;194.40;197.20;197.80;193.60;194.40;195.00;1286083;250785876.45;4592;
2016-10-31;196.10;196.20;196.90;199.40;194.80;196.20;196.712;1755761;345379181.3;5463;
2016-10-28;193.90;194.00;195.60;197.00;191.20;194.10;193.829;2743525;531759549.9;9057;
2016-10-27;204.80;204.90;206.20;206.20;204.00;205.10;205.192;872077;178943305.1;3036;
2016-10-26;205.90;206.00;205.10;206.10;202.80;206.10;204.699;1158716;234844280.65;2999;
2016-10-25;204.80;205.00;207.10;207.20;204.60;205.10;205.645;876637;180230436.25;2831;
2016-10-24;206.20;206.30;205.50;209.30;205.30;206.20;207.02;1097031;226864932.35;3467;
2016-10-21;204.70;204.80;203.80;205.20;203.20;205.00;204.685;1274747;260701267.8;2275;
2016-10-20;203.80;203.90;203.70;204.70;202.90;204.00;203.938;908076;185191479.55;3137;
2016-10-19;203.00;203.10;203.50;204.70;202.30;202.90;203.258;1029615;209278118;3082;
2016-10-18;203.20;203.30;202.00;204.50;201.30;203.20;203.382;1124354;228750816.95;3160;
2016-10-17;201.00;201.10;201.10;201.90;199.50;200.80;200.906;772266;155152859.7;3015;
2016-10-14;201.60;201.80;197.00;201.70;196.90;201.50;200.04;1302519;260539870.6;3490;
2016-10-13;196.60;196.70;196.40;197.30;195.30;196.10;196.383;981301;192711456.6;2999;
2016-10-12;197.30;197.40;196.00;197.50;195.50;197.00;196.671;1223896;240704917.1;3442;
2016-10-11;196.20;196.30;199.10;199.50;195.90;196.10;197.30;1199221;236605922.5;3480;
2016-10-10;199.10;199.20;197.00;199.60;196.80;199.30;198.521;1043245;207039458.45;3014;
2016-10-07;196.70;196.80;198.40;198.40;196.00;196.70;196.73;815198;160373726.7;2791;
2016-10-06;198.00;198.20;199.50;200.30;197.80;198.30;198.56;961518;190916839.05;3498;
2016-10-05;199.00;199.20;199.40;199.90;197.30;199.00;198.664;1092404;217004132.6;4358;
2016-10-04;200.00;200.10;198.90;200.30;198.50;200.20;199.881;788451;157593461.1;2395;
2016-10-03;199.00;199.20;197.70;199.90;196.50;199.10;198.635;872585;173326311.85;2688;
2016-09-30;200.00;200.20;197.50;200.70;196.70;200.30;199.296;1059708;211195952.2;3082;
2016-09-29;199.20;199.40;201.00;202.20;199.20;199.30;200.265;1261099;252492161.5;3176;
2016-09-28;200.80;200.90;198.80;200.90;198.20;200.70;200.024;914274;182876538.55;2783;
2016-09-27;197.30;197.50;197.30;197.60;194.50;197.50;196.391;1152697;226313888.05;2924;
2016-09-26;196.40;196.60;197.90;197.90;195.80;196.50;196.557;810991;157611827.7;2430;
2016-09-23;198.20;198.40;199.10;199.30;197.60;198.60;198.591;563733;111952329.5;2231;
2016-09-22;199.30;199.50;197.60;199.80;196.90;199.20;198.927;704118;140068547.4;2373;
2016-09-21;195.60;195.70;197.00;197.40;195.30;195.90;196.311;989699;194283256.05;2277;
2016-09-20;195.90;196.00;196.30;197.30;195.80;195.80;196.20;476334;93456546.75;1608;
2016-09-19;196.50;196.60;194.90;198.90;193.70;196.40;196.58;1166261;227843557.5;3464;
2016-09-16;193.90;194.00;191.00;194.60;190.30;194.00;193.322;1324202;256009232.95;3375;
2016-09-15;191.00;191.20;189.50;191.20;189.00;191.00;190.392;622863;118587996.8;1996;
2016-09-14;189.80;189.90;189.70;192.10;189.50;189.70;190.445;786686;149820600.2;2394;
2016-09-13;189.60;189.80;189.50;190.80;188.90;189.30;189.695;1475500;279896070.2;3131;
2016-09-12;188.40;188.50;188.90;189.10;187.30;188.60;188.258;1060189;199589248.75;3523;
2016-09-09;190.90;191.10;191.90;192.50;190.50;191.00;191.335;1246120;238559042.9;2747;
2016-09-08;193.00;193.20;192.40;193.40;191.50;192.50;192.808;1071081;206513176.7;2322;
2016-09-07;192.10;192.30;192.00;192.80;191.60;191.90;192.026;978555;187908344.15;2102;
2016-09-06;191.40;191.50;190.80;191.90;190.50;191.60;191.446;766353;146715409.95;2550;
2016-09-05;190.50;190.60;189.40;190.90;189.10;190.90;190.196;575232;109404663.25;1895;
2016-09-02;188.70;188.90;188.30;189.40;187.70;189.40;188.798;815799;154020380.65;2526;
2016-09-01;187.80;188.00;188.50;189.00;187.60;188.00;188.269;1166290;219546431.7;3844;
2016-08-31;187.80;187.90;189.40;190.50;187.50;187.70;188.69;1458768;275255597.45;2923;
2016-08-30;189.40;189.60;190.00;191.90;189.40;189.40;190.403;868093;165287891.6;3245;
2016-08-29;189.80;189.90;187.00;189.90;185.80;189.90;188.103;1177904;221594044.85;3329;
2016-08-26;185.60;185.70;183.80;186.10;183.50;185.90;185.087;604460;111877626.7;2406;
2016-08-25;183.60;183.70;184.80;184.80;183.00;183.60;183.947;722777;132950667.55;2609;
2016-08-24;184.60;184.80;183.50;184.90;181.80;184.80;184.229;880921;162291778.7;2303;
2016-08-23;183.80;184.00;183.40;184.30;182.70;184.10;183.823;689322;126095623;2001;
2016-08-22;181.80;182.00;181.40;183.20;180.70;182.10;182.083;572297;104234028.5;2045;
2016-08-19;181.80;181.90;183.30;184.10;181.30;181.90;182.218;759200;138332024.05;2902;
2016-08-18;183.10;183.30;179.30;183.30;178.90;183.20;181.922;1332757;242323944.95;3525;
2016-08-17;178.10;178.30;180.10;180.60;178.00;178.00;178.606;775262;138466062.7;2477;
2016-08-16;179.60;179.70;182.00;182.30;179.40;179.60;180.136;850350;153179631.95;2457;
2016-08-15;182.70;182.80;182.80;183.90;182.00;183.20;183.143;439992;80581498.75;1651;
2016-08-12;182.80;182.90;182.90;183.50;181.80;182.80;182.599;533213;97364178.9;1966;
2016-08-11;182.70;182.80;181.40;183.40;180.90;182.80;182.457;683383;124691328.95;2156;
2016-08-10;180.40;180.60;181.90;181.90;180.20;180.80;180.886;649320;117452464;2296;
2016-08-09;181.80;182.00;179.20;182.20;178.40;182.20;181.101;590235;106887514.55;1608;
2016-08-08;178.80;179.00;178.90;180.30;177.60;179.20;179.423;624512;112053475.85;2467;
2016-08-05;178.40;178.60;178.60;178.90;177.30;178.40;178.208;679758;121138625.55;2166;
2016-08-04;177.30;177.50;177.40;178.10;175.50;177.80;177.122;785626;139149294.4;2326;
2016-08-03;176.90;177.10;178.30;178.80;176.00;176.80;176.945;612487;108376685.8;2050;
2016-08-02;178.30;178.40;180.50;180.90;177.30;177.80;178.295;698132;124472739.75;2086;
2016-08-01;180.60;180.80;182.00;183.20;179.40;180.50;180.84;689605;124708023.85;2065;
2016-07-29;181.60;181.80;181.00;181.90;179.90;181.90;181.375;896894;162674507.35;2259;
2016-07-28;181.20;181.30;180.00;182.70;179.80;181.00;181.303;666760;120885333.6;1953;
2016-07-27;180.20;180.30;180.00;181.50;179.60;180.20;180.323;688138;124087287.45;2579;
2016-07-26;179.40;179.50;178.60;179.80;178.10;179.50;179.099;733863;131433968.55;2755;
2016-07-25;178.60;178.80;177.00;179.00;175.70;178.60;178.029;1247220;222042502.75;4215;
2016-07-22;177.10;177.20;175.00;180.30;175.00;177.10;176.932;2560182;452979149.9;7134;
2016-07-21;186.10;186.30;185.10;186.60;184.10;186.10;185.371;699198;129608398.5;2306;
2016-07-20;185.70;185.90;184.80;186.40;184.00;185.70;185.38;653109;121072967.35;2154;
2016-07-19;184.20;184.40;183.00;184.40;180.90;184.20;183.127;688817;126075009.01;2375;
2016-07-18;184.00;184.20;183.80;185.00;183.00;184.10;183.968;1052921;192150231.3;1991;
2016-07-15;183.80;184.00;183.10;184.40;182.40;184.00;183.675;779162;143112225.9;2587;
2016-07-14;184.40;184.60;183.50;185.50;183.30;184.20;184.418;773044;142563190.7;2520;
2016-07-13;182.80;182.90;181.90;185.80;181.90;182.90;183.984;1034941;190412959.9;3280;
2016-07-12;182.80;183.00;183.60;185.70;182.50;182.70;183.524;970403;178092263.45;3068;
2016-07-11;184.20;184.40;180.30;185.60;180.10;184.40;183.831;1109524;203964819.5;3068;
2016-07-08;178.60;178.70;175.90;178.90;175.00;178.90;177.734;765879;136122479.7;2293;
2016-07-07;175.10;175.20;174.20;178.50;174.20;175.90;176.697;1364884;241184672.1;3728;
2016-07-06;173.30;173.40;171.50;173.70;170.80;173.20;172.572;1118203;192970277.9;3177;
2016-07-05;172.90;173.00;176.60;177.00;172.50;173.00;174.02;1245190;216686630.5;3576;
2016-07-04;177.10;177.30;180.50;181.50;177.10;177.20;178.508;737976;131734354.5;2380;
2016-07-01;180.00;180.20;175.60;180.90;175.60;179.80;179.435;1349373;242088122.4;3537;
2016-06-30;174.60;174.80;172.90;175.50;171.60;175.40;174.693;1430995;249943205;3177;
2016-06-29;172.30;172.50;168.00;172.50;166.00;172.30;170.776;1379372;235561088.4;3743;
2016-06-28;166.50;166.60;167.20;168.10;164.50;166.20;166.402;1345556;223892639.6;4092;
2016-06-27;162.50;162.70;165.00;173.60;162.20;163.00;167.539;3445647;577311459.65;10383;
2016-06-23;182.20;182.30;178.30;182.50;178.00;182.50;181.095;1348826;244265118.3;3328;
2016-06-22;178.10;178.30;177.10;179.10;176.30;178.60;178.126;851917;151751223.5;2168;
2016-06-21;176.50;176.70;176.90;177.10;175.00;176.70;176.129;1871933;327589451.6;3397;
2016-06-20;176.40;176.60;174.10;176.80;173.70;176.70;175.971;1145062;201495409.8;3376;
2016-06-17;170.70;170.90;169.80;171.90;168.50;170.60;170.601;1231605;210114713.9;3737;
2016-06-16;169.10;169.20;170.20;170.80;167.80;169.10;169.259;1660233;280981608.75;4666;
2016-06-15;172.40;172.60;172.20;172.60;170.60;172.10;171.872;1417411;243613048.9;4599;
2016-06-14;170.40;170.50;171.50;172.60;169.40;170.00;170.403;1343336;228907962.75;4187;
2016-06-13;173.30;173.40;173.40;175.70;172.90;173.00;173.87;1258981;218899168.55;4354;
2016-06-10;175.80;176.00;180.20;180.80;175.50;175.70;177.049;1369843;242521413.2;4225;
2016-06-09;180.70;180.90;182.30;182.50;180.60;180.60;181.083;982473;177985781.5;2478;
2016-06-08;183.00;183.20;182.00;184.00;181.60;182.90;183.128;1067873;195557109;3014;
2016-06-07;183.10;183.20;180.20;183.40;180.10;183.00;182.605;1227482;224147829.6;3382;
2016-06-03;179.00;179.20;182.40;184.00;179.00;179.00;180.918;1673482;303143414.3;4011;
2016-06-02;182.20;182.40;183.90;184.20;182.00;182.40;182.929;1575663;288233776.7;4296;
2016-06-01;183.80;183.90;182.80;184.40;181.40;183.20;182.975;1899142;347495848.2;5585;
2016-05-31;183.20;183.40;180.00;183.80;178.20;183.20;182.765;4328033;791010127.9;5313;
2016-05-30;179.30;179.50;179.30;181.00;178.60;179.60;179.372;567988;101865685.5;1913;
2016-05-27;179.00;179.20;178.80;179.50;178.10;179.30;178.998;728948;130478088.11;2607;
2016-05-26;178.80;178.90;178.80;181.40;178.40;179.30;179.747;1190288;213955041.95;3158;
2016-05-25;178.70;178.80;179.90;180.90;178.60;178.80;179.428;920639;165187499.4;2904;
2016-05-24;179.30;179.50;174.90;179.50;174.40;179.10;177.785;1477327;262184678.05;3716;
2016-05-23;175.90;176.10;176.00;177.00;174.50;175.90;175.714;952529;167392018.4;3304;
2016-05-20;176.20;176.30;174.00;176.40;174.00;176.20;175.737;1212651;213106944.75;3690;
2016-05-19;173.00;173.10;174.40;175.10;172.80;172.80;173.456;877823;152264686.1;2565;
2016-05-18;175.40;175.60;174.50;176.00;174.00;175.90;175.189;1236909;216693132.15;2926;
2016-05-17;175.60;175.70;178.00;178.00;175.40;175.50;176.187;1773672;312529773.3;3317;
2016-05-16;177.70;177.90;176.00;178.20;175.40;178.00;177.11;1091028;193229723.45;3044;
2016-05-13;176.60;176.70;172.20;177.70;171.30;176.90;175.184;2098380;367568929.8;5743;
2016-05-12;174.10;174.30;179.00;179.40;171.00;174.10;173.866;3546079;616509341.65;7989;
2016-05-11;180.20;180.40;177.30;180.50;177.20;180.20;179.331;1922778;344539698.2;3942;
2016-05-10;177.50;177.70;179.00;179.30;175.80;177.80;177.518;1238088;219780903.85;3028;
2016-05-09;177.50;177.70;177.00;178.70;176.60;177.80;177.859;1282464;228094167.75;3452;
2016-05-06;175.90;176.00;176.30;177.30;175.20;176.10;176.089;1240754;218484073.15;4087;
2016-05-04;176.20;176.30;175.70;177.10;175.10;177.10;176.458;701876;123851799.4;1566;
2016-05-03;175.90;176.10;174.50;176.20;173.00;176.20;174.82;1386056;242310232.2;3682;
2016-05-02;175.30;175.40;177.00;177.10;174.70;175.20;175.536;474444;83281867.7;1554;
2016-04-29;176.40;176.60;178.10;178.70;175.50;176.60;176.841;1021889;180711724.7;2787;
2016-04-28;180.00;180.20;177.70;180.20;177.10;180.10;178.937;1126231;201335869.45;3888;
2016-04-27;178.70;178.80;178.80;179.60;177.50;178.90;178.842;690730;123531572.7;2564;
2016-04-26;178.60;178.80;176.90;179.20;176.90;178.60;178.46;1023029;182574416.35;3496;
2016-04-25;176.90;177.10;175.90;177.10;175.10;176.90;176.429;946488;166989184.3;2334;
2016-04-22;175.80;176.00;176.40;177.20;175.20;175.90;176.005;969808;170828899.7;1854;
2016-04-21;176.80;176.90;176.80;178.00;175.70;177.00;176.915;808835;143094558.6;2809;
2016-04-20;176.80;176.90;176.90;177.80;175.10;177.00;176.639;849093;149982916.1;2418;
2016-04-19;176.70;176.90;175.90;177.50;174.70;177.10;176.538;1520635;266003131.5;2591;
2016-04-18;175.20;175.30;172.80;175.80;172.80;175.00;174.732;1011582;176996715.9;2220;
2016-04-15;174.10;174.20;173.60;175.00;172.90;174.10;173.961;1642218;285682007;3978;
2016-04-14;173.50;173.70;173.30;176.40;172.90;173.70;174.448;1444705;252025590.3;3990;
2016-04-13;171.40;171.60;172.80;173.30;170.80;171.70;172.048;1177387;202566695.65;3319;
2016-04-12;170.40;170.60;170.60;171.30;169.10;170.60;170.316;1385852;235905582.5;3238;
2016-04-11;170.30;170.50;169.00;171.20;167.10;170.20;170.00;1163744;197845077.35;3376;
2016-04-08;168.70;168.90;168.10;169.00;167.30;169.00;168.461;1698565;286142256.9;4399;
2016-04-07;166.50;166.60;174.00;174.00;166.20;166.70;169.249;3006496;508999271.85;7292;
2016-04-06;181.80;182.00;181.40;182.50;178.70;182.50;181.255;1918197;347655775.15;4927;
2016-04-05;180.80;181.00;186.10;186.40;179.80;181.20;181.522;1848132;335463929.8;4734;
2016-04-04;183.60;183.80;185.80;187.10;183.60;184.20;185.096;1536968;284435439.6;4224;
2016-04-01;186.90;187.10;183.80;187.60;182.80;187.30;185.642;1280029;237627664.1;3864;
2016-03-31;184.60;184.80;186.10;186.40;184.30;185.30;185.353;1294896;240013014.2;3296;
2016-03-30;186.90;187.10;184.60;188.80;184.50;187.10;186.772;1208898;225823368.9;3320;
2016-03-29;184.00;184.10;183.00;184.10;181.60;184.00;183.312;1028417;188520749.95;3439;
2016-03-24;182.70;182.90;181.00;183.80;181.00;183.00;182.43;605550;110423668.2;1833;
2016-03-23;181.70;181.90;184.60;186.30;181.20;182.30;182.868;1589660;290586193.95;3565;
2016-03-22;183.70;183.90;181.50;184.60;179.80;184.40;183.145;2058705;364852520.85;2823;
2016-03-21;181.40;181.60;181.00;183.40;180.00;182.00;181.734;1369940;247690993.45;3051;
2016-03-18;181.20;181.40;180.00;182.10;179.80;181.50;181.168;1466628;265715339.45;3571;
2016-03-17;179.30;179.50;180.00;181.00;176.20;179.90;178.675;1200457;214500912.45;4051;
2016-03-16;179.10;179.20;183.20;184.00;178.10;179.20;179.702;1345104;241695848.7;3821;
2016-03-15;182.50;182.70;181.10;183.80;180.10;182.60;182.178;2181435;397543657.08;3661;
2016-03-14;182.10;182.30;185.00;186.40;181.50;182.00;183.411;1673216;306992860.25;5005;
2016-03-11;186.20;186.30;183.50;186.60;182.50;186.20;185.583;1245750;231189607.7;3141;
2016-03-10;181.20;181.40;183.20;185.40;181.20;181.20;182.558;1409063;257270071.25;3594;
2016-03-09;182.80;183.00;181.40;184.20;180.70;183.30;182.78;1402606;256347614.3;4157;
2016-03-08;181.60;181.70;181.90;182.50;180.70;181.60;181.466;1141409;207118082.1;3421;
2016-03-07;182.90;183.00;184.40;185.70;182.30;183.00;183.247;1114539;204234475.55;4108;
2016-03-04;185.80;186.00;183.70;186.20;183.20;185.60;185.224;1203650;222940456.45;3714;
2016-03-03;183.30;183.40;184.10;185.50;182.70;183.30;183.724;1100298;202150868.85;3523;
2016-03-02;184.30;184.40;186.00;186.80;183.10;184.80;184.737;1372121;253480767.7;4138;
2016-03-01;185.00;185.20;182.20;185.50;181.30;185.10;184.461;1533190;282812221.05;3982;
2016-02-29;182.80;183.00;178.80;183.10;177.60;183.00;181.406;1876033;340320023.3;4683;
2016-02-26;180.50;180.70;180.00;181.40;179.40;180.30;180.396;1757614;316922880.75;4780;
2016-02-25;179.50;179.70;172.40;179.80;171.50;179.40;176.955;1991020;352246087.8;4744;
2016-02-24;169.40;169.60;172.90;173.50;168.80;169.70;170.037;1609041;272905963.2;3564;
2016-02-23;172.90;173.10;174.80;176.10;172.70;172.80;173.848;1437972;248531338.62;2929;
2016-02-22;175.00;175.20;173.20;175.70;173.10;175.70;175.133;1595837;278463354.45;3363;
2016-02-19;171.70;171.90;174.50;175.10;170.30;172.10;172.345;1649804;284338692.6;3987;
2016-02-18;174.20;174.40;175.60;176.10;172.60;174.50;174.538;1442242;251726247.85;5077;
2016-02-17;173.90;174.00;170.00;174.90;170.00;174.50;173.46;1515308;262827926.7;4143;
2016-02-16;169.00;169.20;170.40;172.00;168.30;169.00;169.703;1372714;232944376.3;3761;
2016-02-15;169.70;169.90;165.30;169.90;164.50;169.90;168.171;1942168;326613375.7;4837;
2016-02-12;163.50;163.60;162.40;164.60;161.40;163.60;163.321;1739118;284053664.12;4339;
2016-02-11;160.70;160.90;161.70;163.70;160.10;160.30;161.778;2936892;475181289.24;7626;
2016-02-10;163.50;163.70;158.30;163.70;156.80;163.00;161.769;1979071;320151551.9;5036;
2016-02-09;158.30;158.50;156.30;159.50;154.40;158.30;157.281;2464746;387678659.95;7164;
2016-02-08;156.20;156.40;159.90;161.10;156.10;156.30;157.721;2455596;387296505.3;6758;
2016-02-05;158.90;159.00;160.30;161.80;157.20;159.10;159.322;2224272;354375562.6;6921;
2016-02-04;160.50;160.70;163.00;164.70;156.00;160.50;159.146;2663045;423775956.85;6863;
2016-02-03;159.70;159.80;162.00;164.00;159.20;160.20;161.054;1152288;185595498.8;3682;
2016-02-02;162.30;162.50;164.50;165.20;162.10;162.50;162.722;885163;144036389.25;3046;
2016-02-01;164.50;164.60;165.00;165.70;163.80;164.80;164.714;1257704;207161906.8;3230;
2016-01-29;164.30;164.50;163.80;164.70;161.90;164.70;163.761;1360365;222774220;2961;
2016-01-28;161.10;161.30;160.70;163.20;159.10;161.00;161.266;1494831;241064937.75;4257;
2016-01-27;160.40;160.60;160.10;161.20;158.70;160.60;160.101;1271327;203541171.15;3198;
2016-01-26;160.20;160.30;154.80;160.30;154.00;160.10;157.881;910962;143823032.7;2555;
2016-01-25;156.20;156.40;157.00;157.50;155.20;156.50;156.434;1013262;158525535.9;2603;
2016-01-22;156.50;156.70;154.00;157.30;153.20;156.60;155.877;1131158;176299241.2;2911;
2016-01-21;151.50;151.70;149.90;152.20;149.00;151.40;150.642;1256490;189240363.24;3476;
2016-01-20;149.30;149.40;152.00;152.00;148.50;149.20;149.665;1440332;215630718.41;3956;
2016-01-19;153.10;153.30;153.80;155.70;153.10;154.00;154.335;1579815;244460647.25;4011;
2016-01-18;151.80;151.90;151.80;154.00;151.50;151.60;152.459;1022602;156198275.05;3492;
2016-01-15;151.60;151.80;154.20;155.20;150.20;151.90;152.209;1658678;252467874.7;4799;
2016-01-14;154.20;154.40;154.00;155.50;151.80;154.20;153.828;2141879;329555691.75;5961;
2016-01-13;155.40;155.50;155.80;158.50;154.90;155.60;156.493;1368357;214138221.15;4231;
2016-01-12;154.80;154.90;153.90;156.70;152.90;154.60;154.901;1034136;160236601.5;3350;
2016-01-11;153.60;153.80;152.20;156.50;151.40;154.20;154.266;1440597;222234429;4123;
2016-01-08;152.80;153.00;152.70;156.50;152.40;152.40;154.153;1174979;181138839;3306;
2016-01-07;152.50;152.60;152.90;153.80;148.20;152.50;151.278;2180430;329735882.6;5556;
2016-01-05;156.40;156.60;158.80;159.80;156.10;156.10;157.198;539819;84907338.36;1612;
2016-01-04;157.40;157.50;162.70;162.70;157.50;157.90;158.851;1063366;168920427.95;3166;
